id,y1,y2,y3,y4,y5,y6,y7,y8,y9,y10
1,100
2,100
3,100
4,100
5,100
6,95
7,100
8,100
9,91
10,100
11,96
12,100
13,90
14,100
15,98
16,100
17,100
18,92
19,100
20,99
21,99
22,99
23,99
24,99
25,99
26,99
27,99
28,99
29,99
30,99
31,99
32,99
33,99
34,99
35,99
36,99
37,99
38,99
39,99
40,99
41,99
42,99
43,99
44,99
45,99
46,99
47,99
48,99
49,99
50,99
51,99
52,99
53,99
54,99
55,99
56,99
57,99
58,99
59,99
60,99
61,98
62,97
63,93
64,99
65,99
66,98
67,99
68,98
69,98
70,98
71,98
72,98
73,98
74,98
75,98
76,98
77,98
78,98
79,98
80,98
81,98
82,98
83,98
84,98
85,98
86,98
87,94
88,90
89,98
90,98
91,98
92,98
93,98
94,97
95,97
96,97
97,97
98,97
99,97
100,96
101,97
102,97
103,97
104,88
105,97
106,97
107,97
108,97
109,96
110,96
111,96
112,96
113,96
114,96
115,96
116,96
117,96
118,96
119,96
120,96
121,96
122,96
123,96
124,96
125,96
126,96
127,96
128,96
129,96
130,96
131,96
132,96
133,96
134,96
135,96
136,96
137,96
138,96
139,90
140,96
141,90
142,96
143,96
144,96
145,96
146,96
147,95
148,95
149,95
150,95
151,95
152,95
153,95
154,95
155,95
156,95
157,95
158,95
159,95
160,95
161,95
162,95
163,95
164,95
165,95
166,95
167,95
168,95
169,95
170,95
171,95
172,94
173,95
174,95
175,95
176,95
177,95
178,88
179,95
180,89
181,95
182,94
183,91
184,94
185,94
186,87
187,94
188,94
189,94
190,94
191,94
192,94
193,94
194,94
195,94
196,94
197,94
198,94
199,94
200,94
201,94
202,94
203,94
204,93
205,94
206,94
207,94
208,94
209,93
210,93
211,93
212,93
213,93
214,93
215,93
216,93
217,93
218,93
219,92
220,93
221,93
222,93
223,93
224,93
225,93
226,93
227,93
228,93
229,93
230,93
231,93
232,93
233,93
234,93
235,93
236,93
237,93
238,93
239,93
240,93
241,92
242,92
243,92
244,92
245,92
246,92
247,92
248,92
249,92
250,92
251,92
252,92
253,92
254,92
255,92
256,92
257,92
258,92
259,92
260,92
261,92
262,92
263,92
264,92
265,92
266,92
267,92
268,92
269,92
270,91
271,92
272,92
273,92
274,92
275,92
276,92
277,92
278,92
279,92
280,92
281,92
282,91
283,91
284,91
285,91
286,91
287,91
288,91
289,91
290,91
291,91
292,91
293,91
294,91
295,91
296,91
297,91
298,91
299,91
300,91
301,91
302,91
303,91
304,91
305,91
306,91
307,91
308,91
309,91
310,91
311,91
312,91
313,91
314,91
315,91
316,91
317,91
318,91
319,91
320,91
321,90
322,90
323,90
324,90
325,90
326,90
327,90
328,90
329,90
330,90
331,90
332,90
333,90
334,90
335,90
336,90
337,90
338,90
339,90
340,90
341,90
342,90
343,90
344,90
345,90
346,90
347,90
348,90
349,90
350,90
351,90
352,90
353,90
354,90
355,90
356,90
357,90
358,90
359,90
360,90
361,90
362,90
363,90
364,90
365,90
366,90
367,90
368,89
369,87
370,90
371,90
372,90
373,90
374,90
375,90
376,90
377,90
378,90
379,90
380,89
381,89
382,89
383,89
384,89
385,89
386,89
387,89
388,89
389,89
390,89
391,89
392,89
393,89
394,89
395,89
396,89
397,89
398,89
399,89
400,89
401,89
402,89
403,89
404,89
405,89
406,89
407,89
408,89
409,89
410,89
411,89
412,87
413,89
414,89
415,89
416,89
417,89
418,88
419,88
420,88
421,88
422,88
423,88
424,88
425,88
426,88
427,88
428,88
429,88
430,88
431,88
432,88
433,88
434,88
435,88
436,88
437,88
438,88
439,88
440,88
441,88
442,88
443,88
444,88
445,88
446,88
447,88
448,88
449,88
450,88
451,88
452,88
453,88
454,88
455,88
456,88
457,88
458,88
459,87
460,87
461,87
462,87
463,87
464,87
465,87
466,87
467,87
468,87
469,87
470,87
471,87
472,87
473,87
474,87
475,87
476,87
477,87
478,87
479,87
480,87
481,87
482,87
483,87
484,87
485,87
486,87
487,87
488,87
489,87
490,87
491,87
492,87
493,86
494,86
495,86
496,86
497,86
498,86
499,86
500,86
501,86
502,86
503,86
504,86
505,86
506,86
507,86
508,86
509,86
510,86
511,86
512,86
513,86
514,85
515,86
516,86
517,86
518,86
519,86
520,86
521,86
522,86
523,86
524,86
525,86
526,86
527,86
528,86
529,86
530,86
531,86
532,86
533,86
534,80
535,86
536,83
537,86
538,86
539,86
540,86
541,86
542,86
543,86
544,86
545,86
546,86
547,86
548,86
549,86
550,86
551,86
552,86
553,86
554,86
555,86
556,86
557,86
558,85
559,85
560,85
561,85
562,85
563,85
564,85
565,85
566,85
567,85
568,85
569,85
570,85
571,85
572,85
573,85
574,85
575,85
576,85
577,85
578,85
579,85
580,85
581,85
582,85
583,85
584,85
585,85
586,85
587,85
588,85
589,85
590,85
591,85
592,85
593,85
594,85
595,85
596,85
597,85
598,85
599,85
600,85
601,85
602,85
603,85
604,85
605,85
606,85
607,85
608,83
609,85
610,85
611,80
612,85
613,85
614,85
615,85
616,85
617,82
618,85
619,85
620,85
621,85
622,85
623,85
624,85
625,85
626,85
627,85
628,85
629,85
630,84
631,84
632,84
633,84
634,84
635,84
636,84
637,84
638,84
639,84
640,84
641,84
642,84
643,84
644,84
645,84
646,84
647,84
648,84
649,84
650,84
651,84
652,84
653,84
654,84
655,84
656,84
657,84
658,84
659,84
660,84
661,84
662,84
663,84
664,84
665,84
666,84
667,84
668,84
669,84
670,84
671,84
672,84
673,84
674,84
675,84
676,84
677,84
678,84
679,80
680,80
681,84
682,84
683,84
684,84
685,84
686,84
687,84
688,84
689,84
690,84
691,84
692,84
693,83
694,83
695,83
696,83
697,83
698,83
699,83
700,83
701,83
702,83
703,83
704,83
705,83
706,83
707,83
708,83
709,83
710,83
711,83
712,83
713,83
714,83
715,83
716,83
717,83
718,83
719,83
720,83
721,83
722,83
723,83
724,83
725,83
726,83
727,83
728,83
729,83
730,83
731,83
732,83
733,83
734,83
735,83
736,83
737,83
738,83
739,83
740,83
741,83
742,81
743,83
744,83
745,83
746,83
747,83
748,83
749,83
750,83
751,83
752,83
753,83
754,83
755,83
756,83
757,83
758,83
759,83
760,83
761,82
762,83
763,83
764,83
765,83
766,83
767,83
768,83
769,83
770,83
771,83
772,82
773,82
774,82
775,82
776,82
777,82
778,82
779,82
780,82
781,82
782,82
783,82
784,82
785,82
786,82
787,82
788,82
789,82
790,82
791,82
792,82
793,82
794,82
795,82
796,82
797,82
798,82
799,82
800,82
801,82
802,82
803,82
804,82
805,82
806,82
807,82
808,82
809,82
810,82
811,82
812,82
813,82
814,82
815,82
816,82
817,82
818,82
819,82
820,82
821,82
822,82
823,82
824,82
825,82
826,82
827,80
828,82
829,82
830,82
831,82
832,82
833,82
834,82
835,82
836,82
837,82
838,82
839,82
840,82
841,82
842,82
843,81
844,81
845,81
846,81
847,81
848,81
849,81
850,81
851,81
852,81
853,81
854,81
855,81
856,81
857,81
858,81
859,81
860,81
861,81
862,81
863,81
864,81
865,81
866,81
867,81
868,81
869,81
870,81
871,81
872,81
873,81
874,81
875,81
876,81
877,81
878,81
879,81
880,81
881,81
882,81
883,81
884,81
885,81
886,81
887,81
888,81
889,81
890,81
891,81
892,81
893,81
894,81
895,81
896,81
897,81
898,81
899,81
900,81
901,81
902,81
903,81
904,81
905,81
906,81
907,81
908,81
909,81
910,81
911,81
912,81
913,81
914,81
915,81
916,81
917,80
918,80
919,80
920,80
921,80
922,80
923,80
924,80
925,80
926,80
927,80
928,80
929,80
930,80
931,80
932,80
933,80
934,80
935,80
936,80
937,80
938,80
939,80
940,80
941,80
942,80
943,80
944,80
945,80
946,80
947,80
948,80
949,80
950,80
951,80
952,80
953,80
954,80
955,80
956,80
957,80
958,80
959,80
960,80
961,80
962,80
963,80
964,80
965,80
966,80
967,80
968,80
969,80
970,80
971,80
972,80
973,80
974,80
975,80
976,80
977,80
978,80
979,80
980,80
981,80
982,80
983,80
984,80
985,80
986,80
987,80
988,80
989,80
990,80
991,80
992,80
993,80
994,80
995,80
996,80
997,80
998,80
999,80
1000,79
1001,79
1002,79
1003,79
1004,79
1005,79
1006,79
1007,79
1008,79
1009,79
1010,79
1011,79
1012,79
1013,79
1014,79
1015,79
1016,79
1017,79
1018,79
1019,79
1020,79
1021,79
1022,79
1023,79
1024,79
1025,79
1026,79
1027,79
1028,79
1029,79
1030,79
1031,79
1032,79
1033,79
1034,79
1035,79
1036,79
1037,79
1038,79
1039,79
1040,79
1041,79
1042,79
1043,79
1044,79
1045,79
1046,79
1047,79
1048,79
1049,79
1050,79
1051,79
1052,79
1053,79
1054,79
1055,79
1056,79
1057,79
1058,79
1059,79
1060,79
1061,79
1062,79
1063,77
1064,79
1065,79
1066,79
1067,78
1068,78
1069,78
1070,78
1071,78
1072,78
1073,78
1074,78
1075,78
1076,78
1077,78
1078,78
1079,78
1080,78
1081,78
1082,78
1083,78
1084,78
1085,78
1086,78
1087,78
1088,78
1089,78
1090,78
1091,78
1092,78
1093,78
1094,78
1095,78
1096,78
1097,78
1098,78
1099,78
1100,78
1101,78
1102,78
1103,78
1104,78
1105,78
1106,78
1107,78
1108,73
1109,78
1110,78
1111,78
1112,78
1113,78
1114,78
1115,78
1116,78
1117,78
1118,78
1119,78
1120,78
1121,78
1122,78
1123,78
1124,78
1125,78
1126,78
1127,78
1128,78
1129,78
1130,78
1131,78
1132,78
1133,78
1134,78
1135,77
1136,77
1137,77
1138,77
1139,77
1140,77
1141,77
1142,77
1143,77
1144,77
1145,77
1146,77
1147,77
1148,77
1149,77
1150,77
1151,77
1152,77
1153,77
1154,77
1155,77
1156,77
1157,77
1158,77
1159,77
1160,77
1161,77
1162,77
1163,77
1164,77
1165,77
1166,77
1167,77
1168,77
1169,77
1170,77
1171,77
1172,77
1173,77
1174,77
1175,77
1176,77
1177,77
1178,77
1179,77
1180,77
1181,77
1182,77
1183,77
1184,77
1185,77
1186,77
1187,77
1188,77
1189,77
1190,77
1191,77
1192,77
1193,77
1194,77
1195,77
1196,76
1197,76
1198,76
1199,76
1200,76
1201,76
1202,76
1203,76
1204,76
1205,76
1206,76
1207,76
1208,76
1209,76
1210,76
1211,76
1212,76
1213,76
1214,76
1215,76
1216,76
1217,76
1218,76
1219,76
1220,76
1221,76
1222,76
1223,76
1224,76
1225,76
1226,76
1227,76
1228,76
1229,76
1230,76
1231,76
1232,76
1233,76
1234,76
1235,76
1236,76
1237,76
1238,76
1239,76
1240,76
1241,76
1242,76
1243,76
1244,76
1245,76
1246,76
1247,76
1248,76
1249,76
1250,76
1251,76
1252,76
1253,76
1254,76
1255,76
1256,76
1257,76
1258,76
1259,76
1260,76
1261,76
1262,76
1263,76
1264,76
1265,76
1266,76
1267,76
1268,76
1269,76
1270,76
1271,76
1272,76
1273,75
1274,75
1275,75
1276,75
1277,75
1278,75
1279,75
1280,75
1281,75
1282,75
1283,75
1284,75
1285,75
1286,75
1287,75
1288,75
1289,75
1290,75
1291,75
1292,75
1293,75
1294,75
1295,75
1296,75
1297,75
1298,75
1299,75
1300,75
1301,75
1302,75
1303,75
1304,75
1305,75
1306,75
1307,75
1308,75
1309,75
1310,75
1311,75
1312,75
1313,75
1314,75
1315,75
1316,75
1317,75
1318,75
1319,75
1320,75
1321,75
1322,75
1323,75
1324,75
1325,75
1326,75
1327,75
1328,75
1329,75
1330,75
1331,75
1332,75
1333,75
1334,75
1335,75
1336,75
1337,75
1338,75
1339,75
1340,75
1341,75
1342,75
1343,75
1344,75
1345,75
1346,75
1347,75
1348,75
1349,75
1350,74
1351,74
1352,74
1353,74
1354,74
1355,74
1356,74
1357,74
1358,74
1359,74
1360,74
1361,74
1362,74
1363,74
1364,74
1365,74
1366,74
1367,74
1368,74
1369,74
1370,74
1371,74
1372,74
1373,74
1374,74
1375,74
1376,74
1377,74
1378,74
1379,74
1380,74
1381,74
1382,74
1383,74
1384,74
1385,74
1386,74
1387,74
1388,74
1389,74
1390,74
1391,74
1392,74
1393,74
1394,74
1395,74
1396,74
1397,74
1398,74
1399,74
1400,74
1401,74
1402,74
1403,74
1404,74
1405,74
1406,74
1407,74
1408,73
1409,73
1410,73
1411,73
1412,73
1413,73
1414,73
1415,73
1416,73
1417,73
1418,73
1419,73
1420,73
1421,73
1422,73
1423,73
1424,73
1425,73
1426,73
1427,73
1428,73
1429,73
1430,73
1431,73
1432,73
1433,73
1434,73
1435,73
1436,73
1437,73
1438,73
1439,73
1440,73
1441,73
1442,73
1443,73
1444,73
1445,73
1446,73
1447,73
1448,73
1449,73
1450,73
1451,73
1452,73
1453,73
1454,73
1455,73
1456,73
1457,73
1458,73
1459,73
1460,73
1461,73
1462,72
1463,72
1464,72
1465,72
1466,72
1467,72
1468,72
1469,72
1470,72
1471,72
1472,72
1473,72
1474,72
1475,72
1476,72
1477,72
1478,72
1479,72
1480,72
1481,72
1482,72
1483,72
1484,72
1485,72
1486,72
1487,72
1488,72
1489,72
1490,72
1491,72
1492,72
1493,72
1494,72
1495,72
1496,72
1497,72
1498,72
1499,72
1500,72
1501,72
1502,72
1503,72
1504,72
1505,72
1506,72
1507,72
1508,72
1509,72
1510,72
1511,72
1512,72
1513,72
1514,72
1515,72
1516,72
1517,72
1518,72
1519,72
1520,72
1521,72
1522,72
1523,72
1524,72
1525,72
1526,72
1527,72
1528,72
1529,72
1530,72
1531,72
1532,72
1533,71
1534,71
1535,71
1536,71
1537,71
1538,71
1539,71
1540,71
1541,71
1542,71
1543,71
1544,71
1545,71
1546,71
1547,71
1548,71
1549,71
1550,71
1551,71
1552,71
1553,71
1554,71
1555,71
1556,71
1557,71
1558,71
1559,71
1560,71
1561,71
1562,71
1563,71
1564,71
1565,71
1566,71
1567,71
1568,71
1569,71
1570,71
1571,71
1572,71
1573,71
1574,71
1575,71
1576,71
1577,71
1578,71
1579,71
1580,71
1581,71
1582,71
1583,71
1584,71
1585,71
1586,71
1587,71
1588,71
1589,71
1590,71
1591,71
1592,71
1593,71
1594,71
1595,71
1596,71
1597,70
1598,70
1599,70
1600,70
1601,70
1602,70
1603,70
1604,70
1605,70
1606,70
1607,70
1608,70
1609,70
1610,70
1611,70
1612,70
1613,70
1614,70
1615,70
1616,70
1617,70
1618,70
1619,70
1620,70
1621,70
1622,70
1623,70
1624,70
1625,70
1626,70
1627,70
1628,70
1629,70
1630,70
1631,70
1632,70
1633,70
1634,70
1635,70
1636,70
1637,70
1638,70
1639,70
1640,70
1641,70
1642,70
1643,70
1644,70
1645,70
1646,70
1647,70
1648,70
1649,70
1650,70
1651,70
1652,70
1653,70
1654,70
1655,70
1656,70
1657,70
1658,70
1659,70
1660,70
1661,70
1662,70
1663,70
1664,70
1665,70
1666,70
1667,70
1668,70
1669,70
1670,70
1671,70
1672,70
1673,69
1674,69
1675,69
1676,69
1677,69
1678,69
1679,69
1680,69
1681,69
1682,69
1683,69
1684,69
1685,69
1686,69
1687,69
1688,69
1689,69
1690,69
1691,69
1692,69
1693,69
1694,69
1695,69
1696,69
1697,69
1698,69
1699,69
1700,69
1701,69
1702,69
1703,69
1704,69
1705,69
1706,69
1707,69
1708,69
1709,69
1710,69
1711,69
1712,69
1713,68
1714,68
1715,68
1716,68
1717,68
1718,68
1719,68
1720,68
1721,68
1722,68
1723,68
1724,68
1725,68
1726,68
1727,68
1728,68
1729,68
1730,68
1731,68
1732,68
1733,68
1734,68
1735,68
1736,68
1737,68
1738,68
1739,68
1740,68
1741,68
1742,68
1743,68
1744,68
1745,68
1746,68
1747,68
1748,68
1749,68
1750,68
1751,68
1752,68
1753,68
1754,68
1755,68
1756,68
1757,68
1758,68
1759,68
1760,68
1761,68
1762,68
1763,68
1764,68
1765,68
1766,68
1767,68
1768,68
1769,68
1770,68
1771,68
1772,68
1773,68
1774,68
1775,68
1776,68
1777,68
1778,68
1779,68
1780,68
1781,68
1782,68
1783,68
1784,68
1785,67
1786,67
1787,67
1788,67
1789,67
1790,67
1791,67
1792,67
1793,67
1794,67
1795,67
1796,67
1797,67
1798,67
1799,67
1800,67
1801,67
1802,67
1803,67
1804,67
1805,67
1806,67
1807,67
1808,67
1809,67
1810,67
1811,67
1812,67
1813,67
1814,67
1815,67
1816,67
1817,67
1818,67
1819,67
1820,67
1821,67
1822,67
1823,67
1824,67
1825,67
1826,67
1827,67
1828,67
1829,67
1830,67
1831,67
1832,66
1833,66
1834,66
1835,66
1836,66
1837,66
1838,66
1839,66
1840,66
1841,66
1842,66
1843,66
1844,66
1845,66
1846,66
1847,66
1848,66
1849,66
1850,66
1851,66
1852,66
1853,66
1854,66
1855,66
1856,66
1857,66
1858,66
1859,66
1860,66
1861,66
1862,66
1863,66
1864,66
1865,66
1866,66
1867,66
1868,66
1869,66
1870,66
1871,66
1872,66
1873,66
1874,66
1875,66
1876,66
1877,66
1878,66
1879,66
1880,66
1881,65
1882,65
1883,65
1884,65
1885,65
1886,65
1887,65
1888,65
1889,65
1890,65
1891,65
1892,65
1893,65
1894,65
1895,65
1896,65
1897,65
1898,65
1899,65
1900,65
1901,65
1902,65
1903,65
1904,65
1905,65
1906,65
1907,65
1908,65
1909,65
1910,65
1911,65
1912,65
1913,65
1914,65
1915,65
1916,65
1917,65
1918,65
1919,65
1920,65
1921,65
1922,65
1923,65
1924,65
1925,65
1926,65
1927,65
1928,65
1929,65
1930,65
1931,65
1932,65
1933,65
1934,65
1935,65
1936,65
1937,65
1938,65
1939,65
1940,65
1941,65
1942,65
1943,65
1944,65
1945,65
1946,64
1947,64
1948,64
1949,64
1950,64
1951,64
1952,64
1953,64
1954,64
1955,64
1956,64
1957,64
1958,64
1959,64
1960,64
1961,64
1962,64
1963,64
1964,64
1965,64
1966,64
1967,64
1968,64
1969,64
1970,64
1971,64
1972,64
1973,64
1974,64
1975,64
1976,64
1977,64
1978,64
1979,64
1980,64
1981,64
1982,64
1983,64
1984,64
1985,64
1986,64
1987,64
1988,64
1989,64
1990,64
1991,64
1992,64
1993,64
1994,64
1995,64
1996,64
1997,64
1998,64
1999,64
2000,64
2001,64
2002,64
2003,64
2004,63
2005,63
2006,63
2007,63
2008,63
2009,63
2010,63
2011,63
2012,63
2013,63
2014,63
2015,63
2016,63
2017,63
2018,63
2019,63
2020,63
2021,63
2022,63
2023,63
2024,63
2025,63
2026,63
2027,63
2028,63
2029,63
2030,63
2031,63
2032,63
2033,63
2034,63
2035,63
2036,63
2037,63
2038,63
2039,63
2040,63
2041,63
2042,63
2043,63
2044,63
2045,63
2046,63
2047,63
2048,63
2049,63
2050,63
2051,63
2052,63
2053,63
2054,63
2055,63
2056,63
2057,63
2058,62
2059,62
2060,62
2061,62
2062,62
2063,59
2064,62
2065,62
2066,62
2067,62
2068,62
2069,62
2070,62
2071,62
2072,62
2073,62
2074,62
2075,62
2076,62
2077,62
2078,62
2079,62
2080,62
2081,62
2082,62
2083,62
2084,62
2085,62
2086,62
2087,62
2088,62
2089,62
2090,62
2091,62
2092,62
2093,62
2094,62
2095,62
2096,62
2097,62
2098,62
2099,62
2100,62
2101,62
2102,62
2103,62
2104,62
2105,62
2106,62
2107,62
2108,62
2109,62
2110,62
2111,62
2112,62
2113,62
2114,62
2115,62
2116,61
2117,61
2118,61
2119,61
2120,61
2121,61
2122,61
2123,61
2124,61
2125,61
2126,61
2127,61
2128,61
2129,61
2130,61
2131,61
2132,61
2133,61
2134,61
2135,61
2136,61
2137,61
2138,61
2139,61
2140,61
2141,61
2142,61
2143,61
2144,61
2145,61
2146,61
2147,61
2148,61
2149,61
2150,61
2151,60
2152,60
2153,60
2154,60
2155,60
2156,60
2157,60
2158,60
2159,60
2160,60
2161,60
2162,60
2163,60
2164,60
2165,60
2166,60
2167,60
2168,60
2169,60
2170,60
2171,60
2172,60
2173,60
2174,60
2175,60
2176,60
2177,60
2178,55
2179,60
2180,60
2181,60
2182,60
2183,60
2184,60
2185,60
2186,60
2187,60
2188,60
2189,60
2190,60
2191,60
2192,60
2193,60
2194,60
2195,60
2196,60
2197,60
2198,60
2199,60
2200,60
2201,60
2202,60
2203,60
2204,60
2205,60
2206,60
2207,60
2208,60
2209,60
2210,60
2211,60
2212,60
2213,59
2214,59
2215,59
2216,59
2217,59
2218,59
2219,59
2220,59
2221,59
2222,59
2223,59
2224,59
2225,59
2226,59
2227,59
2228,59
2229,59
2230,59
2231,59
2232,59
2233,59
2234,59
2235,59
2236,59
2237,59
2238,59
2239,59
2240,59
2241,59
2242,59
2243,59
2244,59
2245,59
2246,59
2247,59
2248,59
2249,59
2250,59
2251,59
2252,59
2253,59
2254,59
2255,59
2256,59
2257,59
2258,59
2259,59
2260,59
2261,59
2262,58
2263,58
2264,58
2265,58
2266,58
2267,58
2268,58
2269,58
2270,58
2271,58
2272,58
2273,58
2274,58
2275,58
2276,58
2277,58
2278,58
2279,58
2280,58
2281,58
2282,57
2283,58
2284,58
2285,58
2286,58
2287,58
2288,58
2289,58
2290,58
2291,58
2292,58
2293,58
2294,57
2295,57
2296,57
2297,57
2298,57
2299,57
2300,57
2301,57
2302,57
2303,57
2304,57
2305,57
2306,57
2307,57
2308,57
2309,57
2310,57
2311,57
2312,57
2313,57
2314,57
2315,57
2316,57
2317,57
2318,57
2319,57
2320,57
2321,57
2322,57
2323,57
2324,57
2325,57
2326,57
2327,57
2328,57
2329,57
2330,57
2331,57
2332,56
2333,56
2334,56
2335,56
2336,56
2337,56
2338,56
2339,56
2340,56
2341,56
2342,56
2343,56
2344,56
2345,56
2346,56
2347,56
2348,56
2349,56
2350,56
2351,56
2352,56
2353,56
2354,56
2355,56
2356,56
2357,56
2358,56
2359,56
2360,56
2361,56
2362,56
2363,56
2364,56
2365,56
2366,56
2367,56
2368,56
2369,56
2370,56
2371,56
2372,56
2373,56
2374,56
2375,56
2376,56
2377,56
2378,56
2379,56
2380,56
2381,56
2382,56
2383,55
2384,55
2385,55
2386,55
2387,55
2388,55
2389,55
2390,55
2391,55
2392,55
2393,55
2394,55
2395,55
2396,55
2397,55
2398,55
2399,55
2400,55
2401,55
2402,55
2403,55
2404,55
2405,55
2406,55
2407,55
2408,55
2409,55
2410,55
2411,55
2412,55
2413,55
2414,55
2415,55
2416,55
2417,55
2418,55
2419,55
2420,55
2421,55
2422,55
2423,55
2424,55
2425,55
2426,55
2427,55
2428,55
2429,55
2430,55
2431,55
2432,55
2433,55
2434,55
2435,54
2436,54
2437,54
2438,54
2439,54
2440,54
2441,54
2442,54
2443,54
2444,54
2445,54
2446,54
2447,54
2448,54
2449,54
2450,54
2451,54
2452,54
2453,54
2454,54
2455,54
2456,54
2457,54
2458,54
2459,54
2460,54
2461,54
2462,54
2463,54
2464,54
2465,54
2466,54
2467,54
2468,54
2469,54
2470,53
2471,53
2472,53
2473,53
2474,53
2475,53
2476,53
2477,53
2478,53
2479,53
2480,53
2481,53
2482,53
2483,53
2484,53
2485,53
2486,53
2487,53
2488,53
2489,53
2490,53
2491,53
2492,53
2493,53
2494,53
2495,53
2496,53
2497,53
2498,53
2499,53
2500,53
2501,53
2502,53
2503,53
2504,53
2505,53
2506,53
2507,53
2508,53
2509,53
2510,52
2511,52
2512,52
2513,52
2514,52
2515,52
2516,52
2517,52
2518,52
2519,52
2520,52
2521,52
2522,52
2523,52
2524,52
2525,52
2526,52
2527,52
2528,52
2529,52
2530,52
2531,52
2532,52
2533,52
2534,52
2535,52
2536,52
2537,52
2538,52
2539,52
2540,52
2541,52
2542,52
2543,52
2544,52
2545,52
2546,52
2547,52
2548,52
2549,51
2550,51
2551,51
2552,51
2553,51
2554,51
2555,51
2556,51
2557,51
2558,51
2559,51
2560,51
2561,51
2562,51
2563,51
2564,51
2565,51
2566,51
2567,51
2568,51
2569,51
2570,51
2571,40
2572,51
2573,51
2574,51
2575,51
2576,51
2577,51
2578,51
2579,51
2580,51
2581,51
2582,51
2583,51
2584,51
2585,51
2586,50
2587,50
2588,50
2589,50
2590,50
2591,50
2592,50
2593,50
2594,50
2595,50
2596,50
2597,50
2598,50
2599,50
2600,50
2601,50
2602,50
2603,50
2604,50
2605,50
2606,50
2607,50
2608,50
2609,50
2610,50
2611,50
2612,50
2613,50
2614,50
2615,50
2616,50
2617,50
2618,50
2619,50
2620,50
2621,50
2622,50
2623,50
2624,50
2625,50
2626,37
2627,50
2628,50
2629,49
2630,49
2631,49
2632,49
2633,49
2634,49
2635,49
2636,49
2637,49
2638,49
2639,49
2640,49
2641,49
2642,49
2643,49
2644,49
2645,49
2646,49
2647,49
2648,49
2649,49
2650,49
2651,49
2652,49
2653,49
2654,48
2655,48
2656,48
2657,48
2658,48
2659,48
2660,48
2661,48
2662,48
2663,48
2664,48
2665,48
2666,48
2667,48
2668,48
2669,48
2670,48
2671,48
2672,48
2673,48
2674,48
2675,47
2676,47
2677,47
2678,47
2679,47
2680,47
2681,47
2682,47
2683,47
2684,47
2685,47
2686,47
2687,47
2688,47
2689,47
2690,43
2691,47
2692,47
2693,46
2694,46
2695,46
2696,46
2697,46
2698,46
2699,46
2700,46
2701,46
2702,46
2703,46
2704,46
2705,46
2706,46
2707,46
2708,46
2709,46
2710,46
2711,46
2712,46
2713,46
2714,46
2715,46
2716,46
2717,45
2718,45
2719,45
2720,45
2721,45
2722,45
2723,45
2724,45
2725,45
2726,45
2727,45
2728,45
2729,45
2730,45
2731,45
2732,45
2733,45
2734,45
2735,45
2736,45
2737,45
2738,45
2739,44
2740,44
2741,44
2742,44
2743,44
2744,44
2745,44
2746,44
2747,44
2748,44
2749,44
2750,44
2751,44
2752,44
2753,44
2754,44
2755,44
2756,44
2757,44
2758,44
2759,44
2760,44
2761,43
2762,43
2763,43
2764,43
2765,43
2766,43
2767,43
2768,43
2769,43
2770,43
2771,43
2772,43
2773,43
2774,43
2775,43
2776,43
2777,43
2778,43
2779,43
2780,43
2781,43
2782,43
2783,43
2784,43
2785,43
2786,43
2787,42
2788,42
2789,42
2790,42
2791,42
2792,42
2793,42
2794,42
2795,42
2796,42
2797,42
2798,42
2799,42
2800,42
2801,42
2802,42
2803,42
2804,42
2805,42
2806,42
2807,42
2808,42
2809,42
2810,42
2811,42
2812,42
2813,42
2814,41
2815,41
2816,41
2817,41
2818,41
2819,41
2820,41
2821,41
2822,41
2823,41
2824,41
2825,41
2826,41
2827,41
2828,41
2829,41
2830,41
2831,41
2832,41
2833,41
2834,41
2835,40
2836,40
2837,40
2838,40
2839,40
2840,40
2841,40
2842,40
2843,40
2844,40
2845,40
2846,40
2847,40
2848,40
2849,40
2850,40
2851,40
2852,40
2853,40
2854,40
2855,40
2856,40
2857,40
2858,40
2859,40
2860,39
2861,39
2862,39
2863,39
2864,39
2865,39
2866,39
2867,39
2868,39
2869,39
2870,39
2871,38
2872,38
2873,38
2874,38
2875,38
2876,38
2877,38
2878,38
2879,38
2880,38
2881,38
2882,37
2883,37
2884,37
2885,37
2886,37
2887,37
2888,37
2889,37
2890,37
2891,37
2892,37
2893,37
2894,37
2895,37
2896,37
2897,30
2898,36
2899,36
2900,36
2901,36
2902,36
2903,36
2904,36
2905,35
2906,35
2907,35
2908,35
2909,35
2910,35
2911,35
2912,35
2913,35
2914,35
2915,35
2916,35
2917,35
2918,35
2919,34
2920,34
2921,34
2922,34
2923,34
2924,34
2925,34
2926,33
2927,33
2928,33
2929,33
2930,33
2931,33
2932,32
2933,32
2934,32
2935,32
2936,32
2937,32
2938,32
2939,32
2940,32
2941,31
2942,31
2943,31
2944,31
2945,31
2946,31
2947,31
2948,31
2949,30
2950,30
2951,30
2952,30
2953,30
2954,30
2955,30
2956,30
2957,30
2958,29
2959,29
2960,29
2961,29
2962,28
2963,28
2964,28
2965,28
2966,28
2967,28
2968,27
2969,27
2970,27
2971,27
2972,27
2973,26
2974,26
2975,26
2976,26
2977,26
2978,26
2979,26
2980,26
2981,26
2982,26
2983,25
2984,25
2985,25
2986,25
2987,25
2988,25
2989,24
2990,24
2991,24
2992,24
2993,23
2994,23
2995,23
2996,22
2997,22
2998,22
2999,22
3000,22
3001,22
3002,21
3003,21
3004,21
3005,20
3006,20
3007,20
3008,20
3009,20
3010,20
3011,20
3012,20
3013,19
3014,18
3015,18
3016,18
3017,18
3018,18
3019,18
3020,16
3021,16
3022,16
3023,16
3024,16
3025,15
3026,15
3027,15
3028,15
3029,14
3030,13
3031,13
3032,13
3033,12
3034,12
3035,11
3036,10
3037,10
3038,10
3039,10
3040,9
3041,8
3042,8
3043,8
3044,7
3045,7
3046,5
3047,5
3048,5
3049,5
3050,5
3051,4
3052,2
3053,2
3054,2
3055,2
3056,2
3057,2
3058,2
3059,99,1
3060,1,99
3061,98
3062,4,96
3063,8,91
3064,91,8
3065,58,4
3066,77,90
3067,4,89
3068,89
3069,89
3070,89,11
3071,85,15
3072,89,11
3073,88,2
3074,31,35
3075,88
3076,9,88
3077,88,3
3078,87,5
3079,87,3
3080,86,5
3081,3,86
3082,26,74
3083,27,36
3084,85,3
3085,85,4
3086,3,82
3087,85,50
3088,85,8
3089,84,6
3090,11,84
3091,35,39
3092,19,83
3093,82,3
3094,82,14
3095,82
3096,81,3
3097,81,3
3098,81,4
3099,80,3
3100,10,66
3101,80,1
3102,80,7
3103,80,2
3104,80,5
3105,80,5
3106,19,80
3107,19,80
3108,80,2
3109,80,4
3110,80,4
3111,80,6
3112,80,79
3113,10,80
3114,20,80
3115,33,48
3116,79,3
3117,79,1
3118,79,2
3119,7,76
3120,78,5
3121,77,10
3122,77
3123,77,9
3124,4,77
3125,76,8
3126,76,24
3127,76,4
3128,76,20
3129,12,76
3130,20,76
3131,75,2
3132,75,3
3133,75,5
3134,75,8
3135,75,2
3136,75,8
3137,75,2
3138,74,5
3139,74,8
3140,74,6
3141,74,7
3142,10,74
3143,6,74
3144,73,4
3145,73,5
3146,73,4
3147,73,4
3148,5,73
3149,72,5
3150,19,72
3151,21,72
3152,72,2
3153,2,72
3154,10,72
3155,72,5
3156,72,17
3157,5,71
3158,5,71
3159,5,60
3160,3,23
3161,13,71
3162,71,4
3163,71,1
3164,71,7
3165,71
3166,70,3
3167,70,4
3168,70,8
3169,70
3170,70,26
3171,69,7
3172,68,6
3173,68,4
3174,68,2
3175,28,68
3176,68
3177,68,10
3178,68,5
3179,12,68
3180,67,35
3181,67
3182,67,10
3183,12,67
3184,67,12
3185,66,22
3186,66,6
3187,66,4
3188,66,15
3189,13,66
3190,10,66
3191,65,21
3192,65,3
3193,65,11
3194,11,65
3195,7,65
3196,64,6
3197,64,4
3198,64,6
3199,64,5
3200,64,29
3201,33,64
3202,64,6
3203,63,6
3204,63,5
3205,36,63
3206,63,3
3207,63,16
3208,63,5
3209,9,63
3210,34,62
3211,62,7
3212,62,4
3213,62,22
3214,62,19
3215,61,5
3216,61,5
3217,61,7
3218,61
3219,45,16
3220,61
3221,61,2
3222,61,6
3223,60,12
3224,60,6
3225,60,3
3226,60,5
3227,60,5
3228,52,60
3229,60,3
3230,60,40
3231,59,3
3232,59,14
3233,59,14
3234,59
3235,59,7
3236,59,10
3237,59,7
3238,58,2
3239,58,15
3240,58,14
3241,58,4
3242,58,10
3243,12,58
3244,58,3
3245,57,3
3246,57,3
3247,57,2
3248,10,57
3249,6,57
3250,57,6
3251,26,57
3252,56,21
3253,2,56
3254,56,4
3255,56,2
3256,56,6
3257,56,6
3258,56,6
3259,44,56
3260,55,4
3261,55,5
3262,55,5
3263,55,19
3264,54,3
3265,54,6
3266,54,4
3267,54
3268,54,3
3269,53,24
3270,53,2
3271,53,2
3272,52,5
3273,52,3
3274,52,6
3275,52,26
3276,52,1
3277,9,52
3278,34,51
3279,25,51
3280,25,51
3281,51,25
3282,51,27
3283,7,51
3284,50,14
3285,50,7
3286,50,10
3287,50,5
3288,50,3
3289,50,5
3290,50,7
3291,50,25
3292,50,20
3293,50,4
3294,50,20
3295,45,50
3296,10,50
3297,50,25
3298,49,3
3299,49,33
3300,48,28
3301,48,14
3302,48,6
3303,48,31
3304,48,3
3305,47,3
3306,40,47
3307,24,17
3308,47,4
3309,47,16
3310,28,35
3311,47,6
3312,47,13
3313,5,47
3314,46,9
3315,5,46
3316,5,46
3317,11,46
3318,46,11
3319,46,10
3320,46,8
3321,46,8
3322,8,46
3323,45,27
3324,45
3325,45,7
3326,45,3
3327,45,2
3328,22,45
3329,43,21
3330,45,6
3331,14,45
3332,44,1
3333,44,28
3334,44,27
3335,43,1
3336,43,43
3337,13,43
3338,42,1
3339,42,33
3340,42,42
3341,42,42
3342,42,19
3343,19,42
3344,42,32
3345,42,32
3346,24,42
3347,41,17
3348,41,3
3349,41,2
3350,41,23
3351,41,31
3352,40,2
3353,40,40
3354,40,40
3355,40,3
3356,34,40
3357,40
3358,13,39
3359,39,39
3360,39,12
3361,30,39
3362,38,38
3363,38,38
3364,29,38
3365,29,38
3366,35,27
3367,38,9
3368,38,2
3369,38
3370,23,37
3371,37,3
3372,37,2
3373,37,37
3374,37,30
3375,6,36
3376,20,35
3377,35,19
3378,4,35
3379,35,35
3380,35,35
3381,35
3382,34,14
3383,34,11
3384,24,34
3385,29,34
3386,33,30
3387,33,5
3388,33,16
3389,33,20
3390,32,2
3391,32,4
3392,31,4
3393,31,14
3394,31,31
3395,31,13
3396,31,11
3397,30,17
3398,30,17
3399,30,30
3400,30,19
3401,30,15
3402,30,13
3403,29,12
3404,29,2
3405,28,3
3406,28,2
3407,27,4
3408,1,27
3409,27,27
3410,26,14
3411,26,3
3412,26,5
3413,26,3
3414,26,26
3415,25,25
3416,25
3417,25,25
3418,24,24
3419,24,2
3420,12,24
3421,11,23
3422,22
3423,21,16
3424,20,1
3425,6,20
3426,19,2
3427,17,8
3428,12,17
3429,16,6
3430,16,11
3431,16,1
3432,2
3433,2
3434,2,97
3435,53,79,41
3436,78,2,2
3437,12,77,13
3438,77,75,15
3439,2,77,2
3440,76,4,11
3441,2,75,2
3442,2,2,71
3443,68,2,2
3444,12,66,5
3445,58,28,6
3446,63,6
3447,20,10,60
3448,35,50,10
3449,37,49,19
3450,41,46,32
3451,6,6,49
3452,10,44,1
3453,12,42,33
3454,18,37
3455,36,7,6
3456,32,35,30
3457,31,20,15
3458,15,31,5
3459,19,22,2
3460,17
3461,14,2,16
3462,12
3463,5,10,11
3464,90
3465,11,85,80
3466,72,13,81
3467,7,13,79,8
3468,11,22,67,8
3469,27,5,23,15
3470,3,1,1,72
3471,61,4
3472,57,4
3473,57,3
3474,50,8
3475,48,32,9,12
3476,38,23,31,11
3477,46,4
3478,10,2,44,10
3479,3,38,9,7
3480,24,12,3,26
3481,15,22,12,1
3482,7,3,16,14
3483,41,4,40,3,41