id,c1,c2,c3,c4,c5,c6,c7,c8,c9,c10
1,1641581-58-9
2,1578190-27-8
3,1578190-27-8
4,1578190-27-8
5,1578190-27-8
6,1578190-27-8
7,42603-27-0
8,26305-75-9,181422-81-1
9,26305-75-9,181422-81-1
10,26305-75-9,181422-81-1
11,26305-75-9,181422-81-1
12,865-47-4,736928-75-9
13,865-47-4,736928-75-9
14,865-47-4,736928-75-9
15,2097731-28-5
16,1600527-17-0
17,17979-81-6,1600527-17-0
18,1863906-70-0
19,2173036-40-1,22560-21-0
20,17979-81-6,1600527-17-0
21,865-48-5,210155-45-6
22,1578190-27-8
23,1578190-27-8
24,17979-81-6,1600527-14-7
25,1863906-70-0
26,17979-81-6,1943726-11-1
27,2222868-47-3
28,1641581-60-3
29,2173036-40-1,22560-21-0
30,17979-81-6,1600527-17-0
31,1600527-17-0
32,2222868-47-3
33,1863906-70-0
34,1863906-70-0
35,17979-81-6,1600527-17-0
36,1600527-17-0
37,17979-81-6,1600527-17-0
38,2374233-34-6
39,2140175-28-4
40,2140175-28-4
41,2140175-28-4
42,14024-48-7,27721-02-4
43,26305-75-9,181422-81-1
44,10139-47-6,34775-49-0
45,17979-81-6,1087216-52-1
46,2026610-73-9
47,17979-81-6,2094503-97-4
48,865-47-4,736928-75-9
49,17979-81-6,1600527-14-7
50,1234351-63-3
51,25015-63-8,1847470-87-4
52,1459797-98-8
53,1459797-98-8
54,1459797-98-8
55,1459797-98-8
56,1600527-17-0
57,17979-81-6,1600527-17-0
58,2222868-47-3
59,1459797-98-8
60,1459797-98-8
61,17979-81-6,1600527-17-0
62,1600527-17-0
63,2173036-40-1,22560-21-0
64,2173036-40-1,22560-21-0
65,2173036-40-1,22560-21-0
66,1459797-98-8
67,1459797-98-8
68,2222868-47-3
69,79060-88-1,2378121-38-9
70,1364856-84-7
71,1364856-84-7
72,1364856-84-7
73,1364856-84-7
74,2222868-47-3
75,1877348-67-8
76,1877348-67-8
77,1632280-07-9
78,2071741-36-9
79,1978314-72-5
80,1632299-28-5
81,865-48-5,2564747-02-8
82,14024-48-7,27721-02-4
83,14024-48-7,27721-02-4
84,14024-48-7,27721-02-4
85,1641581-58-9
86,1641581-58-9
87,1600527-17-0
88,17979-81-6,1600527-17-0
89,17979-81-6,1600527-17-0
90,17979-81-6,1600527-17-0
91,1600527-17-0
92,17979-81-6,1600527-17-0
93,17979-81-6,1600527-17-0
94,1600527-17-0
95,17979-81-6,1600527-17-0
96,17979-81-6,1600527-17-0
97,2173036-40-1,22560-21-0
98,17979-81-6,1600527-14-7
99,17979-81-6,1600527-14-7
100,1641581-60-3
101,2173036-40-1,22560-21-0
102,17979-81-6,1600527-17-0
103,1600527-17-0
104,2222868-47-3
105,2222868-47-3
106,1863906-70-0
107,1600527-17-0
108,17979-81-6,1600527-17-0
109,1877348-67-8
110,1863906-70-0
111,2140175-28-4
112,14024-48-7,824395-67-7
113,14024-48-7,824395-67-7
114,26305-75-9,166330-10-5
115,1641581-58-9
116,865-47-4,736928-75-9
117,21373-88-6
118,865-47-4,736928-75-9
119,17979-81-6,1600527-17-0
120,17979-81-6,1600527-17-0
121,1600527-17-0
122,17979-81-6,1600527-17-0
123,17979-81-6,1600527-17-0
124,1600527-17-0
125,17979-81-6,1600527-17-0
126,2173036-40-1,22560-21-0
127,17979-81-6,1600527-17-0
128,1600527-17-0
129,17979-81-6,1600527-17-0
130,17979-81-6,1600527-14-7
131,2097731-28-5
132,865-47-4,736928-75-9
133,25015-63-8,1847470-87-4
134,1847470-86-3
135,1459797-98-8
136,2222868-47-3
137,2180965-73-3
138,1459797-98-8
139,1459797-98-8
140,2247831-11-2
141,2222868-47-3
142,2222868-47-3
143,1863906-70-0
144,17979-81-6,2094503-97-4
145,17979-81-6,1632280-01-3
146,1632280-01-3
147,1632280-07-9
148,1877348-67-8
149,1877348-67-8
150,1632280-07-9
151,1877348-67-8
152,1877348-67-8
153,865-48-5,1632280-01-3
154,1632280-08-0
155,14024-48-7,795290-34-5
156,26305-75-9,181422-81-1
157,7440-66-6,10139-47-6,34775-49-0
158,7440-66-6,10139-47-6,34775-49-0
159,7440-66-6,10139-47-6,16997-64-1
160,1641581-58-9
161,865-47-4,736928-75-9
162,865-47-4,736928-75-9
163,1600527-17-0
164,17979-81-6,1600527-17-0
165,17979-81-6,1600527-17-0
166,1578190-27-8
167,17979-81-6,1600527-14-7
168,1459797-98-8
169,1459797-98-8
170,1459797-98-8
171,1459797-98-8
172,1459797-98-8
173,79060-88-1,2378121-39-0
174,2222868-47-3
175,2222868-47-3
176,2222868-47-3
177,1632280-07-9
178,1877348-67-8
179,1877348-67-8
180,1877348-67-8
181,1863906-70-0
182,17979-81-6,1600527-17-0
183,1600527-17-0
184,917-54-4,1890222-59-9
185,17979-81-6,1632280-01-3
186,1632299-28-5
187,1632299-28-5
188,17979-81-6,1973459-28-7
189,1632280-08-0
190,865-48-5,2564747-02-8
191,14024-48-7,23743-26-2
192,14024-48-7,824395-67-7
193,14024-48-7,824395-67-7
194,17979-81-6,2412493-24-2
195,17979-81-6,1600527-17-0
196,1600527-17-0
197,17979-81-6,1600527-17-0
198,1600527-17-0
199,17979-81-6,1600527-17-0
200,17979-81-6,1600527-14-7
201,17979-81-6,1600527-14-7
202,17979-81-6,1600527-14-7
203,17979-81-6,1600527-14-7
204,17979-81-6,1600527-14-7
205,17979-81-6,1600527-14-7
206,1234351-63-3
207,17979-81-6,2121505-72-2
208,25015-63-8,1847470-87-4
209,2173036-40-1,22560-21-0
210,1600527-17-0
211,17979-81-6,1600527-17-0
212,17979-81-6,1600527-17-0
213,207129-97-3,17979-81-6
214,2222868-47-3
215,2222868-47-3
216,17979-81-6,2094503-97-4
217,2140175-28-4
218,17979-81-6,1632280-01-3
219,2756096-65-6
220,14024-48-7,824395-67-7
221,14024-48-7,824395-67-7
222,14024-48-7,540475-45-4
223,17979-81-6,1600527-17-0
224,1600527-17-0
225,1600527-17-0
226,17979-81-6,1600527-17-0
227,17979-81-6,1600527-17-0
228,1600527-17-0
229,17979-81-6,1600527-17-0
230,17979-81-6,1600527-14-7
231,17979-81-6,1600527-14-7
232,1234351-63-3
233,2097731-28-5
234,1978314-72-5
235,1459797-98-8
236,1364856-84-7
237,2222868-47-3
238,2222868-47-3
239,2222868-47-3
240,1877348-67-8
241,1877348-67-8
242,1877348-67-8
243,1877348-67-8
244,1632280-07-9
245,1877348-67-8
246,1877348-67-8
247,1632280-07-9
248,1863906-70-0
249,2222868-47-3
250,17979-81-6,2094503-97-4
251,6737-42-4,14024-48-7
252,14024-48-7,795290-34-5
253,14024-48-7,27721-02-4
254,14024-48-7,824395-67-7
255,18078-25-6
256,1641581-58-9
257,17979-81-6,1600527-17-0
258,17979-81-6,1600527-17-0
259,1600527-17-0
260,17979-81-6,1600527-17-0
261,1578190-27-8
262,1578190-27-8
263,17979-81-6,1600527-14-7
264,17979-81-6,1600527-14-7
265,17979-81-6,1600527-14-7
266,17979-81-6,1600527-14-7
267,2095304-37-1
268,2095304-37-1
269,1459797-98-8
270,1459797-98-8
271,2142641-66-3
272,1459797-98-8
273,2222868-47-3
274,2222868-47-3
275,2222868-47-3
276,17979-81-6,1973459-28-7
277,17979-81-6,1632280-01-3
278,917-54-4,1890222-59-9
279,14024-48-7,824395-67-7
280,14024-48-7,824395-67-7
281,14024-48-7,540475-45-4
282,21679-46-9,161265-03-8
283,26305-75-9,166330-10-5
284,1641581-58-9
285,1641581-58-9
286,1641581-58-9
287,865-47-4,736928-75-9
288,1578190-27-8
289,1578190-27-8
290,17979-81-6,1600527-14-7
291,17979-81-6,1600527-14-7
292,17979-81-6,1600527-14-7
293,17979-81-6,1600527-14-7
294,2095304-37-1
295,2247831-11-2
296,2222868-47-3
297,2222868-47-3
298,1877348-67-8
299,1877348-67-8
300,1877348-67-8
301,1877348-67-8
302,1877348-67-8
303,1877348-67-8
304,17979-81-6,2094503-97-4
305,2140175-28-4
306,17979-81-6,1973459-28-7
307,17979-81-6,1973459-28-7
308,17979-81-6,2720603-09-6
309,68-19-9,75-77-4,871656-24-5
310,14024-48-7,795290-34-5
311,14024-48-7,824395-67-7,10049-08-8
312,14024-48-7,166330-10-5
313,1641581-58-9
314,17979-81-6,1600527-17-0
315,17979-81-6,1600527-17-0
316,1600527-17-0
317,865-48-5,1600527-17-0
318,17979-81-6,1600527-14-7
319,17979-81-6,1600527-14-7
320,17979-81-6,1600527-14-7
321,1234351-63-3
322,2095304-37-1
323,2095304-37-1
324,2095304-37-1
325,1459797-98-8
326,1459797-98-8
327,1459797-98-8
328,1487195-87-8
329,1628039-08-6
330,207129-97-3,17979-81-6
331,207129-97-3,17979-81-6
332,207129-97-3,17979-81-6
333,207129-97-3,17979-81-6
334,207129-97-3,17979-81-6
335,1364856-84-7
336,1364856-84-7
337,17979-81-6,1914931-89-7
338,2222868-47-3
339,2222868-47-3
340,2222868-47-3
341,2026610-73-9
342,1877348-67-8
343,1877348-67-8
344,1877348-67-8
345,1877348-67-8
346,17979-81-6,2094503-97-4
347,17979-81-6,2094503-97-4
348,1632280-07-9
349,1632280-07-9
350,1632280-07-9
351,1632280-07-9
352,917-54-4,1890222-59-9
353,17979-81-6,1973459-28-7
354,2140175-28-4
355,1632280-07-9
356,2140175-28-4
357,917-54-4,1890222-59-9
358,2149005-03-6
359,2677828-86-1
360,14024-48-7,540475-45-4
361,14024-48-7,27721-02-4
362,14024-48-7,824395-67-7
363,14024-48-7,540475-45-4
364,814-29-9,10210-68-1
365,21679-46-9,161265-03-8
366,21679-46-9,161265-03-8
367,21679-46-9,161265-03-8
368,21679-46-9,161265-03-8
369,26305-75-9,181422-81-1
370,7440-66-6,10139-47-6,34775-49-0
371,18078-25-6
372,1001353-69-0
373,18078-25-6
374,1641581-58-9
375,17979-81-6,1600527-14-7
376,1641581-60-3
377,17979-81-6,2121505-72-2,2720603-07-4
378,79060-88-1,2378121-38-9
379,1877348-67-8
380,1877348-67-8
381,2414272-51-6
382,17979-81-6,1632280-01-3
383,1632280-07-9
384,17979-81-6,1973459-28-7
385,17979-81-6,1973459-28-7
386,17979-81-6,1632280-01-3
387,14024-48-7,166330-10-5
388,14024-48-7,23743-26-2
389,14024-48-7,824395-67-7
390,14024-48-7,795290-34-5
391,14024-48-7,540475-45-4
392,21679-46-9,161265-03-8
393,21679-46-9,161265-03-8
394,48165-45-3
395,7440-66-6,10139-47-6,34775-49-0
396,865-47-4,736928-75-9
397,17979-81-6,1600527-14-7
398,17979-81-6,1600527-14-7
399,1234351-63-3
400,2095304-37-1
401,2222868-47-3
402,2026610-73-9
403,17979-81-6,2720603-07-4
404,917-54-4,1890222-59-9
405,17979-81-6,1973459-28-7
406,17979-81-6,1632280-01-3
407,17979-81-6,1973459-28-7
408,2149005-03-6
409,14024-48-7,540475-45-4
410,14024-48-7,866081-62-1
411,14024-48-7,166330-10-5
412,14024-48-7,161265-03-8
413,14024-48-7,795290-34-5
414,14024-48-7,795290-34-5
415,14024-48-7,540475-45-4
416,14024-48-7,540475-45-4
417,14024-48-7,540475-45-4
418,14024-48-7,161265-03-8
419,6737-42-4,14024-48-7
420,14024-48-7,540475-45-4
421,14024-48-7,301847-89-2
422,10210-68-1
423,21679-46-9,161265-03-8
424,21679-46-9,155806-35-2
425,21679-46-9,161265-03-8
426,21679-46-9,161265-03-8
427,26305-75-9,181422-81-1
428,26305-75-9,181422-81-1
429,1641581-58-9
430,17979-81-6,1600527-17-0
431,17979-81-6,1600527-17-0
432,1600527-17-0
433,17979-81-6,1600527-17-0
434,17979-81-6,1600527-17-0
435,26042-64-8,35886-64-7
436,17979-81-6,1600527-14-7
437,17979-81-6,1600527-14-7
438,72914-19-3,3317-67-7,13462-88-9
439,2095304-37-1
440,17979-81-6,2121505-72-2,2720603-07-4
441,2095304-37-1
442,25015-63-8,1847470-87-4
443,875712-84-8
444,79060-88-1,2378121-38-9
445,207129-97-3,17979-81-6
446,2414272-51-6
447,17979-81-6,1973459-28-7
448,1632280-07-9
449,17979-81-6,1632280-01-3
450,2140175-28-4
451,1632280-07-9
452,17979-81-6,1632280-01-3
453,17979-81-6,1632280-01-3
454,17979-81-6,1632280-01-3
455,865-48-5,2564747-02-8
456,14024-48-7
457,14024-48-7,824395-67-7
458,14024-48-7,795290-34-5
459,14024-48-7,27721-02-4
460,14024-48-7,795290-34-5
461,14024-48-7,27721-02-4
462,21679-46-9,155806-35-2
463,21679-46-9,161265-03-8
464,21679-46-9,155806-35-2
465,48165-46-4,429-41-4
466,26305-75-9,181422-81-1
467,865-47-4,736928-75-9
468,17979-81-6,1600527-17-0
469,17979-81-6,1600527-14-7
470,17979-81-6,1600527-14-7
471,17979-81-6,1600527-14-7
472,17979-81-6,1600527-14-7
473,207129-97-3,17979-81-6
474,79060-88-1,2378121-38-9
475,79060-88-1,2378121-39-0
476,79060-88-1,2378121-39-0
477,17979-81-6,1914931-89-7
478,1863906-70-0
479,67276-04-4,1973459-26-5
480,2140175-28-4
481,2140175-28-4
482,1863906-75-5
483,30233-16-0
484,14024-48-7,824395-67-7
485,14024-48-7,166330-10-5
486,14024-48-7,795290-34-5
487,14024-48-7,795290-34-5
488,14024-48-7,23743-26-2
489,14024-48-7,540475-45-4
490,48165-46-4,429-41-4
491,7440-66-6,10139-47-6,34775-49-0
492,7440-66-6,10139-47-6,34775-49-0
493,1641581-58-9
494,2051581-30-5
495,17979-81-6,1600527-14-7
496,1234351-63-3
497,2097731-28-5
498,2095304-37-1
499,17979-81-6,2121505-72-2
500,1628039-08-6
501,207129-97-3,17979-81-6
502,17979-81-6,2094503-97-4
503,917-54-4,1890222-59-9
504,1632280-07-9
505,2140175-28-4
506,2140175-28-4
507,17979-81-6,1973459-28-7
508,1973459-28-7
509,1973459-28-7
510,17979-81-6,1632280-01-3
511,2140175-28-4
512,17979-81-6,1973459-28-7
513,1632280-01-3
514,1632280-08-0
515,1632280-07-9
516,1632280-01-3
517,917-54-4,1890222-59-9
518,14024-48-7,540475-45-4
519,14024-48-7,824395-67-7
520,14024-48-7,824395-67-7
521,14024-48-7,795290-34-5
522,14024-48-7,795290-34-5
523,14024-48-7,824395-67-7
524,14024-48-7,166330-10-5
525,14024-48-7,866081-62-1
526,14024-48-7,161265-03-8
527,14024-48-7,540475-45-4
528,14024-48-7,161265-03-8
529,48165-46-4,429-41-4
530,7440-66-6,10139-47-6,34775-49-0
531,21373-88-6
532,1641581-58-9
533,64-19-7,483979-48-2,676525-77-2
534,2097731-28-5
535,1459797-98-8
536,2149004-99-7
537,79060-88-1,2378121-38-9
538,1364856-84-7
539,2026610-73-9
540,1877348-67-8
541,2750337-61-0
542,1877348-67-8
543,17979-81-6,1632280-01-3
544,1632280-07-9
545,67276-04-4,1973459-26-5
546,14024-48-7,27721-02-4
547,14024-48-7,23743-26-2
548,14024-48-7,540475-45-4
549,14024-48-7,824395-67-7
550,14024-48-7,27721-02-4
551,14024-48-7,795290-34-5
552,14024-48-7,795290-34-5
553,14024-48-7,795290-34-5
554,14024-48-7,866081-62-1
555,14024-48-7,23743-26-2
556,14024-48-7,540475-45-4
557,13991-08-7,14024-48-7
558,14024-48-7,23743-26-2
559,14024-48-7,540475-45-4
560,21679-46-9,161265-03-8
561,21679-46-9,161265-03-8
562,21679-46-9,161265-03-8
563,48165-46-4,429-41-4
564,48165-46-4
565,26305-75-9,181422-81-1
566,26305-75-9,181422-81-1
567,21373-88-6
568,2095304-37-1
569,17979-81-6,1600527-14-7
570,17979-81-6,1600527-14-7
571,1234351-63-3
572,2095304-37-1
573,17979-81-6,2121505-72-2,2720603-07-4
574,2149004-99-7
575,2173036-40-1,22560-21-0
576,1628039-08-6
577,1364856-84-7
578,17979-81-6,1914931-89-7
579,17979-81-6,2094503-97-4
580,67276-04-4,1973459-26-5
581,17979-81-6,1632280-01-3
582,67276-04-4,1973459-26-5
583,17979-81-6,1973459-28-7
584,17979-81-6,1973459-28-7
585,14024-48-7,161265-03-8
586,14024-48-7,161265-03-8
587,14024-48-7,23743-26-2
588,14024-48-7,824395-67-7
589,1148-79-4,14024-48-7
590,14024-48-7,866081-62-1
591,14024-48-7,795290-34-5
592,14024-48-7,795290-34-5
593,14024-48-7,98327-87-8
594,21679-46-9,161265-03-8
595,21679-46-9,161265-03-8
596,21679-46-9,161265-03-8
597,21679-46-9,161265-03-8
598,21679-46-9,161265-03-8
599,26305-75-9,181422-81-1
600,865-47-4,736928-75-9
601,35886-64-7,128008-30-0
602,17979-81-6,1600527-14-7
603,25015-63-8,1847470-87-4
604,2396589-39-0
605,2149004-99-7
606,1628039-08-6
607,17979-81-6,1914931-89-7
608,34946-82-2,157472-96-3,2328084-27-9
609,34946-82-2,2328084-27-9,157472-96-3
610,1877348-67-8
611,2140175-28-4
612,917-54-4,1890222-59-9
613,1632280-07-9
614,1632280-07-9
615,2140175-28-4
616,14024-48-7,540475-45-4
617,14024-48-7,166330-10-5
618,14024-48-7,166330-10-5
619,14024-48-7,795290-34-5
620,48165-46-4,429-41-4
621,7440-66-6,10139-47-6,34775-49-0
622,1641581-58-9
623,1641581-58-9
624,17979-81-6,1600527-14-7
625,2097731-28-5
626,2095304-37-1
627,1628039-08-6
628,79060-88-1,2378121-39-0
629,17979-81-6,1914931-89-7
630,17979-81-6,1914931-89-7
631,17979-81-6,2094503-97-4
632,17979-81-6,1087216-52-1
633,17979-81-6,1973459-28-7
634,1632280-07-9
635,1632280-07-9
636,2140175-28-4
637,2140175-28-4
638,67276-04-4,1973459-26-5
639,67276-04-4,1973459-26-5
640,14024-48-7,161265-03-8
641,14024-48-7,824395-67-7
642,14024-48-7,795290-34-5
643,14024-48-7,23743-26-2
644,14024-48-7,27721-02-4
645,1632280-08-0
646,14024-48-7,540475-45-4
647,21679-46-9,161265-03-8
648,21679-46-9,161265-03-8
649,21679-46-9,161265-03-8
650,48165-46-4,429-41-4
651,7440-66-6,10139-47-6,34775-49-0
652,1001353-69-0
653,7440-66-6,10139-47-6,34775-49-0
654,1641581-58-9
655,39836-45-8,184023-77-6
656,17979-81-6,1600527-17-0
657,1600527-17-0
658,17979-81-6,1600527-17-0
659,2730020-53-6
660,1234351-63-3
661,17979-81-6,2121505-72-2
662,2095304-37-1
663,865-48-5,210155-45-6
664,2173036-40-1,22560-21-0
665,865-48-5,210155-45-6
666,1628039-08-6
667,127-09-3,2304972-43-6
668,2140175-28-4
669,2140175-28-4
670,1632280-07-9
671,67276-04-4,1973459-26-5
672,917-54-4,1890222-59-9
673,917-54-4,1890222-58-8
674,865-48-5,2564747-02-8
675,14024-48-7,824395-67-7
676,14024-48-7,866081-62-1
677,14024-48-7,23743-26-2
678,14024-48-7,23743-26-2
679,14024-48-7,23743-26-2
680,14024-48-7,23743-26-2
681,14024-48-7,540475-45-4
682,14024-48-7,23743-26-2
683,14024-48-7,23743-26-2
684,10210-68-1
685,21679-46-9,161265-03-8
686,21679-46-9,161265-03-8
687,21679-46-9,161265-03-8
688,21679-46-9,155806-35-2
689,18078-25-6
690,7440-66-6,10139-47-6,34775-49-0
691,7440-66-6,10139-47-6,34775-49-0
692,7440-66-6,10139-47-6,34775-49-0
693,41089-88-7
694,1641581-58-9
695,17979-81-6,1600527-14-7
696,1234351-63-3
697,1234351-63-3
698,1641581-60-3
699,1641581-60-3
700,2095304-37-1
701,2095304-37-1
702,2095304-37-1
703,17979-81-6,1914931-89-7
704,17979-81-6,1914931-89-7
705,917-54-4,1890222-59-9
706,917-54-4,1890222-59-9
707,17979-81-6,1632280-01-3
708,17979-81-6,1973459-28-7
709,67276-04-4,1973459-26-5
710,17979-81-6,1973459-28-7
711,917-54-4,1890222-59-9
712,2140175-28-4
713,14024-48-7,866081-62-1
714,14024-48-7,23743-26-2
715,12150-46-8,14024-48-7
716,14024-48-7,161265-03-8
717,10210-68-1
718,21679-46-9,161265-03-8
719,48165-46-4,429-41-4
720,26305-75-9,181422-81-1
721,26305-75-9,181422-81-1
722,7440-66-6,10139-47-6,34775-49-0
723,21373-88-6
724,1641581-58-9
725,1641581-58-9
726,17979-81-6,1600527-14-7
727,17979-81-6,1600527-14-7
728,17979-81-6,1600527-14-7
729,17979-81-6,1600527-14-7
730,1234351-63-3,185812-86-6,791616-63-2
731,25015-63-8,1847470-87-4
732,1459797-98-8
733,2149004-99-7
734,3375-31-3,1075704-39-0
735,3375-31-3,1075704-39-0
736,1628039-08-6
737,17979-81-6,1914931-89-7
738,1877348-67-8
739,1877348-67-8
740,17979-81-6,1632280-01-3
741,1632280-07-9
742,1632280-07-9
743,67276-04-4,1973459-26-5
744,1632280-07-9
745,2140175-28-4
746,17979-81-6,1632280-01-3
747,865-48-5,2564747-02-8
748,14024-48-7,866081-62-1
749,14024-48-7,27721-02-4
750,14024-48-7,166330-10-5
751,14024-48-7,795290-34-5
752,14024-48-7,23743-26-2
753,14024-48-7,161265-03-8
754,21679-46-9,161265-03-8
755,7440-66-6,10139-47-6,34775-49-0
756,7440-66-6,10139-47-6,34775-49-0
757,18078-25-6
758,17979-81-6,1600527-14-7
759,17979-81-6,1600527-14-7
760,1234351-63-3
761,17979-81-6,2121505-72-2,2720603-07-4
762,865-48-5,210155-45-6
763,3375-31-3,2538482-51-6
764,3375-31-3,1075704-39-0
765,3375-31-3,2538482-56-1
766,17979-81-6,2094503-97-4
767,917-54-4,1890222-59-9
768,1632280-07-9
769,865-48-5,2564747-02-8
770,68-19-9,1034901-50-2
771,14024-48-7,23743-26-2
772,14024-48-7,824395-67-7
773,12150-46-8,14024-48-7
774,14024-48-7,795290-34-5
775,14024-48-7,23743-26-2
776,14024-48-7,23743-26-2
777,6737-42-4,14024-48-7
778,14024-48-7,540475-45-4
779,14024-48-7,23743-26-2
780,10210-68-1
781,21679-46-9,155806-35-2
782,26305-75-9,181422-81-1
783,26305-75-9,181422-81-1
784,26305-75-9,181422-81-1
785,26305-75-9,181422-81-1
786,7440-66-6,10139-47-6,34775-49-0
787,7440-66-6,10139-47-6,34775-49-0
788,1001353-69-0
789,7440-66-6,10139-47-6,34775-49-0
790,1234351-63-3,1641581-58-9
791,17979-81-6,1600527-17-0
792,1600527-17-0
793,17979-81-6,1600527-17-0
794,1234351-63-3
795,25015-63-8,1847470-87-4
796,207129-97-3,17979-81-6
797,17979-81-6,1914931-89-7
798,917-54-4,1890222-59-9
799,1632280-07-9
800,1632280-07-9
801,67276-04-4,1973459-26-5
802,2140175-28-4
803,917-54-4,1890222-59-9
804,917-54-4,1890222-59-9
805,30233-16-0
806,14024-48-7,161265-03-8
807,14024-48-7,824395-67-7
808,14024-48-7,540475-45-4
809,14024-48-7,849950-53-4
810,14024-48-7,23743-26-2
811,21679-46-9,155806-35-2
812,21679-46-9,155806-35-2
813,21679-46-9,155806-35-2
814,48165-46-4,429-41-4
815,12078-25-0
816,12078-25-0
817,1234351-63-3,1641581-58-9
818,1234351-63-3,1641581-58-9
819,17979-81-6,1087216-52-1
820,17979-81-6,1600527-14-7
821,17979-81-6,1600527-14-7
822,17979-81-6,1600527-14-7
823,1234351-63-3
824,2095304-37-1
825,851915-21-4
826,22560-21-0,2230256-26-3
827,3375-31-3,1075704-39-0
828,1364856-84-7
829,1516933-41-7
830,1863906-70-0
831,67276-04-4,1973459-26-5
832,2140175-28-4
833,1632280-07-9
834,1877348-67-8
835,1877348-67-8
836,2140175-28-4
837,2149005-03-6
838,68-19-9,48165-50-0
839,68-19-9
840,14024-48-7,540475-45-4
841,14024-48-7,161265-03-8
842,14024-48-7,540475-45-4
843,14024-48-7,368891-67-2
844,14024-48-7,824395-67-7
845,14024-48-7,540475-45-4
846,14024-48-7,161265-03-8
847,865-48-5,21679-46-9,603-35-0
848,48165-46-4,429-41-4
849,48165-46-4,429-41-4
850,7440-66-6,10139-47-6,34775-49-0
851,1001353-69-0
852,7440-66-6,10139-47-6,34775-49-0
853,18078-25-6
854,1641581-58-9
855,1578190-27-8
856,17979-81-6,1600527-14-7
857,17979-81-6,1600527-14-7
858,17979-81-6,1600527-14-7
859,17979-81-6,1600527-14-7
860,1234351-63-3
861,1234351-63-3
862,2095304-37-1
863,851915-21-4
864,2149004-99-7
865,2173036-40-1,22560-21-0
866,1516933-41-7
867,917-54-4,1890222-59-9
868,1632280-07-9
869,17979-81-6,1973459-28-7
870,917-54-4,1890222-59-9
871,14024-48-7,824395-67-7
872,14024-48-7,161265-03-8
873,865-47-4,736928-75-9
874,14024-48-7,795290-34-5
875,14024-48-7,824395-67-7
876,14024-48-7,23743-26-2
877,14024-48-7,795290-34-5
878,14024-48-7,161265-03-8
879,21679-46-9,161265-03-8
880,21679-46-9,161265-03-8
881,48165-46-4,429-41-4
882,26305-75-9,181422-81-1
883,26305-75-9,181422-81-1
884,7440-66-6,10139-47-6,34775-49-0
885,33516-93-7
886,1641581-58-9
887,1234351-63-3,1641581-58-9
888,17979-81-6,1600527-14-7
889,1234351-63-3
890,1234351-63-3
891,2149004-99-7
892,1877348-67-8
893,1877348-67-8
894,67276-04-4,1973459-26-5
895,2140175-28-4
896,67276-04-4,1973459-26-5
897,67276-04-4,1973459-26-5
898,917-54-4,1890222-59-9
899,14024-48-7,540475-45-4
900,14024-48-7,161265-03-8
901,14024-48-7,23743-26-2
902,14024-48-7,795290-34-5
903,14024-48-7,23743-26-2
904,14024-48-7,540475-45-4
905,6737-42-4,14024-48-7
906,14024-48-7,23743-26-2
907,21679-46-9,161265-03-8
908,48165-46-4,429-41-4
909,26305-75-9,181422-81-1
910,26305-75-9,181422-81-1
911,26305-75-9,181422-81-1
912,1001353-69-0
913,33516-93-7
914,41089-88-7
915,1641581-58-9
916,1641581-58-9
917,17979-81-6,1600527-17-0
918,17979-81-6,1600527-17-0
919,1600527-17-0
920,17979-81-6,1600527-14-7
921,64-19-7,483979-48-2,676525-77-2
922,2095304-37-1
923,2149004-99-7
924,2511739-39-0
925,3375-31-3,1075704-39-0
926,1628039-08-6
927,17979-81-6,1914931-89-7
928,17979-81-6,1914931-89-7
929,17979-81-6,1632280-01-3
930,1632280-07-9
931,2140175-28-4
932,1632280-07-9
933,1632280-07-9
934,1632280-07-9
935,17979-81-6,1632280-01-3
936,917-54-4,1890222-59-9
937,30233-16-0
938,12150-46-8,14024-48-7
939,14024-48-7,161265-03-8
940,14024-48-7,795290-34-5
941,14024-48-7,824395-67-7
942,14024-48-7,824395-67-7
943,14024-48-7,795290-34-5
944,14024-48-7,795290-34-5
945,14024-48-7,23743-26-2
946,14024-48-7,23743-26-2
947,10210-68-1
948,10210-68-1
949,10210-68-1
950,21679-46-9,155806-35-2
951,7440-66-6,10139-47-6,34775-49-0
952,7440-66-6,10139-47-6,34775-49-0
953,23638-66-6,1416881-52-1
954,2051581-30-5
955,865-47-4,736928-75-9
956,17979-81-6,2121505-72-2,2720603-07-4
957,17979-81-6,1914931-89-7
958,34946-82-2,157472-96-3,2328084-27-9
959,34946-82-2,2328084-27-9,157472-96-3
960,17979-81-6,1973459-28-7
961,917-54-4,1890222-59-9
962,14024-48-7,540475-45-4
963,14024-48-7,161265-03-8
964,14024-48-7,23743-26-2
965,14024-48-7,795290-34-5
966,14024-48-7,795290-34-5
967,14024-48-7,540475-45-4
968,14024-48-7,161265-03-8
969,21679-46-9,161265-03-8
970,21679-46-9,155806-35-2
971,48165-46-4,429-41-4
972,7440-66-6,10139-47-6,34775-49-0
973,41089-88-7
974,33516-93-7
975,865-47-4,736928-75-9
976,17979-81-6,1600527-14-7
977,1234351-63-3
978,1234351-63-3
979,1234351-63-3
980,1234351-63-3
981,265995-34-4
982,2095304-37-1
983,2095304-37-1
984,865-48-5,210155-45-6
985,865-48-5,210155-45-6
986,3375-31-3,1075704-39-0
987,17979-81-6,1914931-89-7
988,17979-81-6,1914931-89-7
989,17979-81-6,1914931-89-7
990,917-54-4,1890222-59-9
991,2140175-28-4
992,2140175-28-4
993,2140175-28-4
994,917-54-4,1890222-59-9
995,67276-04-4,1973459-26-5
996,17979-81-6,1973459-28-7
997,917-54-4,1890222-59-9
998,865-48-5,2564747-02-8
999,14024-48-7,866081-62-1
1000,14024-48-7,23743-26-2
1001,14024-48-7,23743-26-2
1002,14024-48-7,27721-02-4
1003,21679-46-9,161265-03-8
1004,1641581-58-9
1005,865-47-4,736928-75-9
1006,6737-42-4,14024-48-7
1007,1578190-27-8
1008,1234351-63-3
1009,2097731-28-5
1010,6737-42-4,14024-48-7
1011,2095304-37-1
1012,17979-81-6,2121505-72-2
1013,2095304-37-1
1014,2396589-39-0
1015,3375-31-3,1075704-39-0
1016,109705-14-8,176763-62-5,1894189-67-3
1017,17979-81-6,1914931-89-7
1018,1877348-67-8
1019,67276-04-4,1973459-26-5
1020,67276-04-4,1973459-26-5
1021,30233-16-0
1022,14024-48-7,161265-03-8
1023,14024-48-7,824395-67-7
1024,14024-48-7,23743-26-2
1025,10210-68-1
1026,12078-25-0
1027,21679-46-9,155806-35-2
1028,69393-67-5
1029,7440-66-6,10139-47-6,34775-49-0
1030,7440-66-6,10139-47-6,34775-49-0
1031,7440-66-6,10139-47-6,34775-49-0
1032,18078-25-6
1033,1641581-58-9
1034,2051581-30-5
1035,2051581-30-5
1036,100-76-5,23295-32-1,1416881-52-1
1037,865-48-5,1600527-17-0
1038,1234351-63-3
1039,17979-81-6,2121505-72-2
1040,17979-81-6,2121505-72-2
1041,1978314-72-5
1042,17979-81-6,1914931-89-7
1043,17979-81-6,1914931-89-7
1044,1877348-67-8
1045,1877348-67-8
1046,2140175-28-4
1047,14024-48-7,23743-26-2
1048,14024-48-7,824395-67-7
1049,14024-48-7,23743-26-2
1050,14024-48-7,161265-03-8
1051,14024-48-7,540475-45-4
1052,14024-48-7,161265-03-8
1053,6737-42-4,14024-48-7
1054,21679-46-9,155806-35-2
1055,12078-25-0
1056,7440-66-6,10139-47-6,34775-49-0
1057,7440-66-6,10139-47-6,34775-49-0
1058,1234351-63-3
1059,13462-90-3,2410287-42-0,3317-67-7
1060,25015-63-8,1847470-87-4
1061,17979-81-6,1973459-28-7
1062,30233-16-0
1063,6737-42-4,14024-48-7
1064,14024-48-7,795290-34-5
1065,14024-48-7,161265-03-8
1066,14024-48-7,161265-03-8
1067,14024-48-7,161265-03-8
1068,21679-46-9,161265-03-8
1069,21679-46-9,161265-03-8
1070,26305-75-9,181422-81-1
1071,26305-75-9,181422-81-1
1072,34775-49-0
1073,1641581-58-9
1074,1641581-58-9
1075,17979-81-6,1600527-14-7
1076,1459797-98-8
1077,3375-31-3,1075704-39-0
1078,17979-81-6,1914931-89-7
1079,17979-81-6,1914931-89-7
1080,1877348-67-8
1081,1877348-67-8
1082,917-54-4,1890222-59-9
1083,67276-04-4,1973459-26-5
1084,67276-04-4,1973459-26-5
1085,14024-48-7,161265-03-8
1086,14024-48-7,866081-62-1
1087,14024-48-7,161265-03-8
1088,14024-48-7,161265-03-8
1089,21679-46-9,155806-35-2
1090,21679-46-9,161265-03-8
1091,48165-46-4,429-41-4
1092,48165-46-4,429-41-4
1093,7440-66-6,10139-47-6,34775-49-0
1094,7440-66-6,10139-47-6,34775-49-0
1095,2051581-30-5
1096,865-47-4,736928-75-9
1097,6737-42-4,14024-48-7
1098,17979-81-6,1600527-14-7
1099,3375-31-3,1075704-39-0
1100,3375-31-3,2538482-58-3
1101,3375-31-3,1075704-40-3
1102,3375-31-3,2538482-57-2
1103,17979-81-6,1914931-89-7
1104,14024-48-7,795290-34-5
1105,14024-48-7,540475-45-4
1106,12150-46-8,14024-48-7
1107,21679-46-9,155806-35-2
1108,21679-46-9,161265-03-8
1109,21679-46-9,155806-35-2
1110,7440-66-6,10139-47-6,34775-49-0
1111,1234351-63-3,1641581-58-9
1112,2051581-30-5
1113,260-94-6,23295-32-1
1114,2140175-28-4
1115,1973459-28-7
1116,1973459-28-7
1117,917-54-4,1890222-59-9
1118,30233-16-0
1119,14024-48-7,161265-03-8
1120,14024-48-7,161265-03-8
1121,14024-48-7,824395-67-7
1122,14024-48-7,161265-03-8
1123,14024-48-7,166330-10-5
1124,14024-48-7,23743-26-2
1125,21679-46-9,161265-03-8
1126,21679-46-9,161265-03-8
1127,21679-46-9,161265-03-8
1128,21679-46-9,155806-35-2
1129,21679-46-9,155806-35-2
1130,21679-46-9,155806-35-2
1131,21679-46-9,155806-35-2
1132,12078-25-0
1133,7440-66-6,10139-47-6,34775-49-0
1134,7440-66-6,10139-47-6,34775-49-0
1135,41089-88-7
1136,33516-93-7
1137,2051581-30-5
1138,2051581-30-5
1139,17979-81-6,1087216-52-1
1140,67276-04-4,1973459-26-5
1141,14024-48-7,540475-45-4
1142,14024-48-7,210169-57-6
1143,12150-46-8,14024-48-7
1144,14024-48-7,849950-53-4
1145,14024-48-7,824395-67-7
1146,14024-48-7,161265-03-8
1147,14024-48-7,23743-26-2
1148,14024-48-7,161265-03-8
1149,14024-48-7,161265-03-8
1150,6737-42-4,14024-48-7
1151,14024-48-7,161265-03-8
1152,10210-68-1
1153,21679-46-9,155806-35-2
1154,48165-46-4
1155,48165-46-4
1156,14167-18-1,46389-47-3
1157,1234351-63-3,1641581-58-9
1158,2095304-37-1
1159,17979-81-6,2121505-72-2,2720603-07-4
1160,22560-21-0,2230256-26-3
1161,17979-81-6,1914931-89-7
1162,1632280-07-9
1163,2140175-28-4
1164,30233-16-0
1165,14024-48-7,161265-03-8
1166,12150-46-8,14024-48-7
1167,14024-48-7,161265-03-8
1168,14024-48-7,23743-26-2
1169,21679-46-9,161265-03-8
1170,21679-46-9,161265-03-8
1171,7440-66-6,10139-47-6,34775-49-0
1172,7440-66-6,10139-47-6,34775-49-0
1173,865-47-4,736928-75-9
1174,17979-81-6,1600527-14-7
1175,74507-62-3,106-51-4
1176,1234351-63-3
1177,1234351-63-3
1178,2097731-28-5
1179,25015-63-8,1847470-87-4
1180,2140175-28-4
1181,917-54-4,1890222-59-9
1182,917-54-4,1890222-59-9
1183,18346-57-1,2246335-51-1
1184,14024-48-7,161265-03-8
1185,14024-48-7,540475-45-4
1186,14024-48-7,23743-26-2
1187,14024-48-7,161265-03-8
1188,14024-48-7,23743-26-2
1189,21679-46-9,161265-03-8
1190,21679-46-9,155806-35-2
1191,1001353-69-0
1192,1234351-63-3,1641581-58-9
1193,1578190-64-3
1194,2051581-30-5
1195,260-94-6,23295-32-1
1196,865-47-4,736928-75-9
1197,7778-53-2,483979-48-2,674783-97-2
1198,1234351-63-3
1199,1234351-63-3
1200,3375-31-3,1075704-39-0
1201,17979-81-6,1914931-89-7
1202,157472-96-3
1203,2026610-73-9
1204,2140175-28-4
1205,17979-81-6,1973459-28-7
1206,1973459-28-7
1207,1973459-28-7
1208,1973459-28-7
1209,1973459-28-7
1210,917-54-4,1890222-59-9
1211,14024-48-7,161265-03-8
1212,14024-48-7,23743-26-2
1213,21679-46-9,155806-35-2
1214,7440-66-6,10139-47-6,34775-49-0
1215,46932-17-6,870987-63-6
1216,23638-66-6,870987-63-6
1217,1234351-63-3
1218,3375-31-3,1075704-39-0
1219,2140175-28-4
1220,14024-48-7,23743-26-2
1221,21679-46-9,155806-35-2
1222,21679-46-9,161265-03-8
1223,21679-46-9,155806-35-2
1224,48165-46-4,429-41-4
1225,33516-93-7
1226,41089-88-7
1227,1234351-63-3
1228,1459797-98-8
1229,2149004-99-7
1230,30233-16-0
1231,14024-48-7,161265-03-8
1232,14024-48-7,161265-03-8
1233,14024-48-7,161265-03-8
1234,21679-46-9,161265-03-8
1235,18078-25-6
1236,74507-62-3,106-51-4
1237,25015-63-8,1847470-87-4
1238,2140175-28-4
1239,14024-48-7,161265-03-8
1240,14024-48-7,261733-18-0
1241,14024-48-7,161265-03-8
1242,14024-48-7,161265-03-8
1243,6737-42-4,14024-48-7
1244,21679-46-9,161265-03-8
1245,48165-46-4,429-41-4
1246,26305-75-9,181422-81-1
1247,1001353-69-0
1248,2051581-30-5
1249,17979-81-6,2121505-72-2
1250,1877348-67-8
1251,1877348-67-8
1252,917-54-4,1890222-59-9
1253,1973459-28-7
1254,1973459-28-7
1255,30233-16-0
1256,14024-48-7,161265-03-8
1257,14024-48-7,161265-03-8
1258,14024-48-7,161265-03-8
1259,14024-48-7,161265-03-8
1260,14024-48-7,161265-03-8
1261,14024-48-7,161265-03-8
1262,14024-48-7,161265-03-8
1263,14024-48-7,161265-03-8
1264,18078-25-6
1265,33516-93-7
1266,41089-88-7
1267,17979-81-6,1600527-14-7
1268,7778-53-2,483979-48-2,674783-97-2
1269,1234351-63-3
1270,25015-63-8,1847470-87-4
1271,1516933-41-7
1272,1459797-98-8
1273,1516933-41-7
1274,17979-81-6,1632280-01-3
1275,2140175-28-4
1276,14024-48-7,161265-03-8
1277,14024-48-7,161265-03-8
1278,14024-48-7,23743-26-2
1279,14024-48-7,540475-45-4
1280,14024-48-7,540475-45-4
1281,21679-46-9,155806-35-2
1282,7440-66-6,10139-47-6,34775-49-0
1283,7440-66-6,10139-47-6,34775-49-0
1284,7778-53-2,23638-66-6,674783-97-2
1285,21373-88-6
1286,2051581-30-5
1287,110-91-8,23295-32-1,676525-77-2
1288,2149004-99-7
1289,2140175-28-4
1290,917-54-4,1890222-59-9
1291,14024-48-7,161265-03-8
1292,14024-48-7,161265-03-8
1293,21679-46-9,161265-03-8
1294,21679-46-9,155806-35-2
1295,48165-46-4,429-41-4
1296,26305-75-9,181422-81-1
1297,21373-88-6
1298,1978314-72-5
1299,14024-48-7,161265-03-8
1300,14024-48-7,161265-03-8
1301,14024-48-7,161265-03-8
1302,21679-46-9,155806-35-2
1303,21679-46-9,155806-35-2
1304,865-48-5,21679-46-9,603-35-0
1305,33516-93-7
1306,41089-88-7
1307,3375-31-3,1075704-39-0
1308,3375-31-3,1075704-39-0
1309,207129-97-3,17979-81-6
1310,17979-81-6,1914931-89-7
1311,17979-81-6,1914931-89-7
1312,2222868-47-3
1313,2140175-28-4
1314,6737-42-4,14024-48-7
1315,14024-48-7,161265-03-8
1316,14024-48-7,161265-03-8
1317,14024-48-7,23743-26-2
1318,14024-48-7,155806-35-2
1319,21679-46-9,2311832-10-5
1320,21679-46-9,155806-35-2
1321,7440-66-6,10139-47-6,34775-49-0
1322,2051581-30-5
1323,1234351-63-3
1324,3317-67-7,2095701-46-3
1325,14024-48-7,161265-03-8
1326,14024-48-7,161265-03-8
1327,14024-48-7,261733-18-0
1328,14024-48-7,161265-03-8
1329,14024-48-7,161265-03-8
1330,14024-48-7,161265-03-8
1331,6737-42-4,14024-48-7
1332,21679-46-9,161265-03-8
1333,1234351-63-3,1641581-58-9
1334,1364856-84-7
1335,17979-81-6,2094503-97-4
1336,1632280-07-9
1337,14024-48-7,161265-03-8
1338,48165-46-4
1339,1973459-28-7
1340,1973459-28-7
1341,14024-48-7,161265-03-8
1342,14024-48-7,161265-03-8
1343,14024-48-7,23743-26-2
1344,14024-48-7,261733-18-0
1345,2051581-30-5
1346,1150097-00-9
1347,25015-63-8,1847470-87-4
1348,2149004-99-7
1349,17979-81-6,1680200-58-1
1350,17979-81-6,1680200-57-0
1351,14854-50-3
1352,30233-16-0
1353,14024-48-7,161265-03-8
1354,14024-48-7,866081-62-1
1355,14024-48-7,161265-03-8
1356,33516-93-7
1357,41089-88-7
1358,17979-81-6,2121505-72-2
1359,1978314-72-5
1360,67276-04-4,1973459-26-5
1361,1632280-08-0
1362,1632280-08-0
1363,14024-48-7,161265-03-8
1364,12078-25-0
1365,26305-75-9,181422-81-1
1366,1641581-58-9
1367,17979-81-6,1600527-14-7
1368,17979-81-6,1600527-14-7
1369,25015-63-8,1847470-87-4
1370,25015-63-8,1847470-87-4
1371,17979-81-6,1973459-28-7
1372,17979-81-6,1632280-01-3
1373,14024-48-7,261733-18-0
1374,14024-48-7,161265-03-8
1375,14024-48-7,161265-03-8
1376,14024-48-7,795290-34-5
1377,14024-48-7,161265-03-8
1378,14024-48-7,161265-03-8
1379,14024-48-7,161265-03-8
1380,14024-48-7,161265-03-8
1381,14024-48-7,540475-45-4
1382,21679-46-9,161265-03-8
1383,21679-46-9,161265-03-8
1384,48165-46-4,429-41-4
1385,34775-49-0
1386,7778-53-2,23638-66-6,674783-97-2
1387,7778-53-2,483979-48-2,674783-97-2
1388,2095304-37-1
1389,673452-64-7
1390,2140175-28-4
1391,1632280-07-9
1392,14024-48-7,161265-03-8
1393,14024-48-7,540475-45-4
1394,18078-25-6
1395,1234351-63-3
1396,2097731-28-5
1397,67276-04-4,1973459-26-5
1398,1150097-00-9
1399,2222868-47-3
1400,917-54-4,1890222-59-9
1401,1632280-08-0
1402,21679-46-9,161265-03-8
1403,21679-46-9,161265-03-8
1404,69393-67-5
1405,2140175-28-4
1406,30233-16-0
1407,14024-48-7,161265-03-8
1408,14024-48-7,540475-45-4
1409,6737-42-4,14024-48-7
1410,2051581-30-5
1411,17979-81-6,1600527-14-7
1412,1234351-63-3
1413,1150097-00-9
1414,2222868-47-3
1415,14024-48-7,161265-03-8
1416,14024-48-7,161265-03-8
1417,48165-46-4
1418,48165-46-4,429-41-4
1419,2396589-39-0
1420,3375-31-3,1075704-39-0
1421,14024-48-7,23743-26-2
1422,865-48-5,21679-46-9,603-35-0
1423,33516-93-7
1424,41089-88-7
1425,33516-93-7
1426,41089-88-7
1427,14024-48-7,161265-03-8
1428,14024-48-7,795290-34-5
1429,12078-25-0
1430,25015-63-8,1847470-87-4
1431,67276-04-4,1995866-04-0
1432,12078-25-0
1433,12078-25-0
1434,1814291-67-2
1435,1001353-69-0
1436,2051581-30-5
1437,2051581-30-5
1438,1234351-63-3
1439,2140175-28-4
1440,14024-48-7,161265-03-8
1441,2149004-99-7
1442,14024-48-7,161265-03-8
1443,1641581-58-9
1444,25015-63-8,1847470-87-4
1445,2026610-73-9
1446,14024-48-7,161265-03-8
1447,18078-25-6
1448,26305-75-9,181422-81-1
1449,41089-88-7
1450,33516-93-7
1451,25015-63-8,1847470-87-4
1452,3375-31-3,1075704-39-0
1453,207129-97-3,17979-81-6
1454,30233-16-0
1455,12078-25-0
1456,2051581-30-5
1457,1632280-08-0
1458,12078-25-0
1459,14024-48-7,161265-03-8
1460,14024-48-7,161265-03-8
1461,69393-67-5
1462,25015-63-8,1847470-87-4
1463,17979-81-6,1680200-59-2
1464,1641581-58-9
1465,12078-25-0
1466,25015-63-8,1847470-87-4
1467,483979-48-2,676525-77-2
1468,25015-63-8,1847470-87-4
1469,2051581-30-5
1470,25015-63-8,1847470-87-4
1471,1877348-67-8
1472,17979-81-6,33847-51-7
1473,1641581-58-9
1474,25015-63-8,1847470-87-4
1475,30233-16-0
1476,1234351-63-3
1477,17979-81-6,1600527-14-7
1478,17979-81-6,1087216-52-1
1479,1487195-87-8
1480,1150097-00-9
1481,1792972-58-7
1482,1578190-27-8
1483,1578190-27-8
1484,14024-48-7,161265-03-8
1485,2173036-40-1,22560-21-0
1486,14024-48-7,161265-03-8
1487,865-47-4,736928-75-9
1488,12150-46-8,14024-48-7
1489,1578190-27-8
1490,17979-81-6,1600527-14-7
1491,1978314-72-5
1492,17979-81-6,2121505-72-2,2720603-07-4
1493,2238825-71-1
1494,1364856-84-7
1495,14024-48-7,824395-67-7
1496,865-48-5,21679-46-9,603-35-0
1497,865-48-5,21679-46-9,603-35-0
1498,865-47-4,736928-75-9
1499,17979-81-6,2121505-72-2,2720603-07-4
1500,1978314-72-5
1501,2071741-36-9
1502,2730020-53-6
1503,14024-48-7,161265-03-8
1504,865-47-4,736928-75-9
1505,22560-16-3,1868080-90-3
1506,865-48-5,21679-46-9,603-35-0
1507,21373-88-6
1508,1641581-58-9
1509,1641581-58-9
1510,2142641-66-3
1511,17979-81-6,2121505-72-2,2720603-07-4
1512,17979-81-6,2121505-72-2
1513,17979-81-6,1973459-28-7,2720603-08-5
1514,17979-81-6,1973459-28-7,2720603-08-5
1515,17979-81-6,2121505-72-2,2720603-07-4
1516,17979-81-6,2121505-72-2
1517,17979-81-6,2121505-72-2
1518,14024-48-7,866081-62-1
1519,865-48-5,21679-46-9,603-35-0
1520,2142641-66-3
1521,865-47-4,736928-75-9
1522,17979-81-6,2121505-72-2
1523,17979-81-6,2121505-72-2,2720603-07-4
1524,1978314-72-5
1525,2071741-36-9
1526,1978314-72-5
1527,2730020-53-6
1528,1234351-63-3
1529,1978314-72-5
1530,2071741-36-9
1531,17979-81-6,2121505-72-2
1532,17979-81-6,2121505-72-2,2720603-07-4
1533,14024-48-7,161265-03-8
1534,865-48-5,21679-46-9,603-35-0
1535,865-47-4,736928-75-9
1536,2142641-66-3
1537,1978314-72-5
1538,2071741-36-9
1539,1978314-72-5
1540,14024-48-7,824395-67-7
1541,14024-48-7,866081-62-1
1542,865-48-5,21679-46-9,603-35-0
1543,2142641-66-3
1544,865-47-4,736928-75-9
1545,14024-48-7,866081-62-1
1546,14024-48-7,161265-03-8
1547,13991-08-7,14024-48-7
1548,10139-47-6,34775-49-0
1549,21373-88-6
1550,1978314-72-5
1551,17979-81-6,1973459-28-7,2720603-09-6
1552,14024-48-7,866081-62-1
1553,14024-48-7,866081-62-1
1554,14024-48-7,866081-62-1
1555,865-48-5,21679-46-9,603-35-0
1556,2142641-66-3
1557,21373-88-6
1558,21373-88-6
1559,7440-66-6,10139-47-6,34775-49-0
1560,25015-63-8,1847470-87-4
1561,17979-81-6,1973459-28-7,2720603-09-6
1562,17979-81-6,1973459-28-7,2720603-09-6
1563,2149005-03-6
1564,18078-25-6
1565,12150-46-8,14024-48-7
1566,17979-81-6,1600527-14-7
1567,1978314-72-5
1568,1978314-72-5
1569,14024-48-7,23743-26-2
1570,865-47-4,736928-75-9
1571,2142641-66-3
1572,865-48-5,21679-46-9,603-35-0
1573,2173036-40-1,22560-21-0
1574,2140175-28-4
1575,2149005-03-6
1576,18078-25-6
1577,14024-48-7,161265-03-8
1578,14024-48-7,866081-62-1
1579,865-47-4,736928-75-9
1580,865-47-4,736928-75-9
1581,865-48-5,21679-46-9,603-35-0
1582,1234351-63-3
1583,17979-81-6,2121505-72-2
1584,17979-81-6,2121505-72-2,2720603-07-4
1585,17979-81-6,2121505-72-2
1586,14024-48-7,866081-62-1
1587,21373-88-6
1588,865-47-4,736928-75-9
1589,25015-63-8,1847470-87-4
1590,2071741-36-9
1591,1978314-72-5
1592,1978314-72-5
1593,17979-81-6,2052832-35-4
1594,17979-81-6,2225715-23-9
1595,17979-81-6,2225715-24-0
1596,17979-81-6,1973459-28-7,2720603-09-6
1597,865-47-4,736928-75-9
1598,2142641-66-3
1599,7778-53-2,483979-48-2,674783-97-2
1600,1234351-63-3
1601,25015-63-8,1847470-87-4
1602,1978314-72-5
1603,17979-81-6,2094503-97-4
1604,2071741-36-9
1605,1978314-72-5
1606,2730020-53-6
1607,14024-48-7
1608,12150-46-8,14024-48-7
1609,14024-48-7,161265-03-8
1610,1578190-27-8
1611,7778-53-2,483979-48-2,674783-97-2
1612,14024-48-7,23743-26-2
1613,14024-48-7,161265-03-8
1614,1641581-58-9
1615,2142641-66-3
1616,17979-81-6,1973459-28-7,2720603-09-6
1617,17979-81-6,1973459-28-7,2720603-09-6
1618,17979-81-6,1973459-28-7,2720603-09-6
1619,30233-16-0
1620,14024-48-7,866081-62-1
1621,7440-66-6,10139-47-6,34775-49-0
1622,21373-88-6
1623,17979-81-6,1600527-14-7
1624,14024-48-7,161265-03-8
1625,14024-48-7,866081-62-1
1626,14024-48-7,866081-62-1
1627,17979-81-6,2121505-72-2,2720603-07-4
1628,17979-81-6,2121505-72-2
1629,14024-48-7,866081-62-1
1630,14024-48-7,866081-62-1
1631,2142641-66-3
1632,865-47-4,736928-75-9
1633,22560-21-0,2230256-26-3
1634,1234351-63-3
1635,865-48-5,21679-46-9,603-35-0
1636,1234351-63-3
1637,17979-81-6,1973459-28-7,2720603-09-6
1638,14024-48-7,27721-02-4
1639,14024-48-7,161265-03-8
1640,2142641-66-3
1641,1978314-72-5
1642,127-09-3,2559765-41-0
1643,17979-81-6,1973459-28-7,2720603-09-6
1644,14024-48-7,866081-62-1
1645,14024-48-7,866081-62-1
1646,18078-25-6
1647,1641581-58-9
1648,1516933-41-7
1649,1641581-58-9
1650,14024-48-7,824395-67-7
1651,14024-48-7,866081-62-1
1652,14024-48-7,866081-62-1
1653,14024-48-7,866081-62-1
1654,14024-48-7,540475-45-4
1655,12150-46-8,14024-48-7
1656,14024-48-7,866081-62-1
1657,17979-81-6,1600527-14-7
1658,17979-81-6,1973459-28-7,2720603-09-6
1659,14024-48-7,161265-03-8
1660,33516-93-7
1661,17979-81-6,1600527-14-7
1662,2716121-12-7
1663,17979-81-6,1973459-28-7,2720603-09-6
1664,17979-81-6,2121505-72-2
1665,2716121-12-7
1666,17979-81-6,2094503-97-4
1667,14024-48-7,161265-03-8
1668,14024-48-7,161265-03-8
1669,14024-48-7,161265-03-8
1670,26305-75-9,181422-81-1
1671,17979-81-6,1600527-14-7
1672,2716121-12-7
1673,17979-81-6,1973459-28-7,2720603-09-6
1674,14024-48-7,866081-62-1
1675,17979-81-6,2094503-97-4
1676,2026610-73-9
1677,17979-81-6,1973459-28-7,2720603-09-6
1678,14024-48-7,161265-03-8
1679,14024-48-7,866081-62-1
1680,10210-68-1
1681,1234351-63-3
1682,17979-81-6,2121505-72-2
1683,17979-81-6,2121505-72-2
1684,17979-81-6,2121505-72-2,2720603-07-4
1685,1459797-98-8
1686,163277-15-4
1687,865-47-4,736928-75-9
1688,1641581-58-9
1689,2142641-66-3
1690,1978314-72-5
1691,2149004-99-7
1692,17979-81-6,1973459-28-7,2720603-09-6
1693,17979-81-6,1973459-28-7,2720603-09-6
1694,30233-16-0
1695,246047-72-3,7440-66-6,10139-47-6,34775-49-0
1696,246047-72-3,7440-66-6,10139-47-6,912272-82-3
1697,17979-81-6,1600527-14-7
1698,1978314-72-5
1699,1632280-07-9
1700,14024-48-7,161265-03-8
1701,246047-72-3,7440-66-6,10139-47-6,34775-49-0
1702,246047-72-3,7440-66-6,10139-47-6,912272-82-3
1703,14024-48-7,866081-62-1
1704,14024-48-7,161265-03-8
1705,18078-25-6
1706,865-47-4,736928-75-9
1707,17979-81-6,1600527-14-7
1708,1641581-60-3
1709,14024-48-7,866081-62-1
1710,18078-25-6
1711,14024-48-7,795290-34-5
1712,18078-25-6
1713,17979-81-6,1600527-14-7
1714,2142641-66-3
1715,2026610-73-9
1716,2003253-60-7
1717,2026610-74-0
1718,2003253-65-2
1719,14024-48-7,161265-03-8
1720,33516-93-7
1721,1578190-27-8
1722,17979-81-6,1600527-14-7
1723,7778-53-2,483979-48-2,674783-97-2
1724,17979-81-6,2094503-97-4
1725,2716121-12-7
1726,2716121-12-7
1727,17979-81-6,1973459-28-7,2720603-09-6
1728,14024-48-7,866081-62-1
1729,17979-81-6,1600527-14-7
1730,1234351-63-3
1731,1641581-60-3
1732,1641581-59-0
1733,1978314-72-5
1734,2071741-36-9
1735,1978314-72-5
1736,2730020-53-6
1737,17979-81-6,2094503-97-4
1738,17979-81-6,2094503-97-4
1739,14024-48-7,850253-53-1
1740,17979-81-6,1600527-14-7
1741,2716121-12-7
1742,21373-88-6
1743,17979-81-6,1600527-14-7
1744,2026610-73-9
1745,14024-48-7,161265-03-8
1746,14024-48-7,161265-03-8
1747,14024-48-7,540475-45-4
1748,14024-48-7,866081-62-1
1749,1641581-58-9
1750,246047-72-3,7440-66-6,10139-47-6,912272-82-3
1751,246047-72-3,7440-66-6,10139-47-6,34775-49-0
1752,7778-53-2,483979-48-2,674783-97-2
1753,1234351-63-3
1754,1978314-72-5
1755,865-48-5,21679-46-9,603-35-0
1756,1978314-72-5
1757,2071741-36-9
1758,2026610-73-9
1759,14024-48-7,161265-03-8
1760,1234351-63-3
1761,14024-48-7,850253-53-1
1762,14024-48-7,161265-03-8
1763,30233-16-0
1764,18078-25-6
1765,30233-16-0
1766,14024-48-7,866081-62-1
1767,54510-40-6
1768,30233-16-0
1769,14024-48-7,850253-53-1
1770,14024-48-7,850253-53-1
1771,14024-48-7,850253-53-1
1772,17979-81-6,2094503-97-4
1773,2716121-12-7
1774,25015-63-8,1847470-87-4
1775,2026610-73-9
1776,2716121-12-7
1777,917-54-4,1890222-59-9
1778,14024-48-7,850253-53-1
1779,48165-46-4,429-41-4
1780,1364856-84-7
1781,33516-93-7
1782,14024-48-7,850253-53-1
1783,14024-48-7,161265-03-8
1784,14024-48-7,850253-53-1
1785,33516-93-7
1786,246047-72-3,7440-66-6,10139-47-6,912272-82-3
1787,246047-72-3,7440-66-6,10139-47-6,34775-49-0
1788,1641581-58-9
1789,14024-48-7,540475-45-4
1790,14024-48-7,850253-53-1
1791,21373-88-6
1792,17979-81-6,2121505-72-2,2720603-07-4
1793,79060-88-1,2378121-38-9
1794,2716121-12-7
1795,2716121-12-7
1796,30233-16-0
1797,30233-16-0
1798,30233-16-0
1799,14024-48-7,850253-53-1
1800,7778-53-2,483979-48-2,674783-97-2
1801,2716121-12-7
1802,2716121-12-7
1803,14024-48-7,540475-45-4
1804,14024-48-7,540475-45-4
1805,1221276-10-3
1806,69393-67-5
1807,2716121-12-7
1808,14024-48-7,161265-03-8
1809,2716121-12-7
1810,7440-66-6,10139-47-6,34775-49-0
1811,7440-66-6,10139-47-6,34775-49-0
1812,1234351-63-3
1813,7440-66-6,10139-47-6,34775-49-0
1814,14024-48-7,866081-62-1
1815,14024-48-7,540475-45-4
1816,14024-48-7,161265-03-8
1817,33516-93-7
1818,41089-88-7
1819,30233-16-0
1820,865-48-5,21679-46-9,603-35-0
1821,14024-48-7,850253-53-1
1822,14024-48-7,540475-45-4
1823,1641581-58-9
1824,1641581-58-9
1825,14024-48-7,866081-62-1
1826,14024-48-7,540475-45-4
1827,1234351-63-3
1828,14024-48-7,850253-53-1
1829,2051581-30-5
1830,14024-48-7,850253-53-1
1831,14024-48-7,161265-03-8
1832,865-48-5,21679-46-9,603-35-0
1833,69393-67-5
1834,1632280-08-0
1835,26305-75-9,181422-81-1
1836,14024-48-7,850253-53-1
1837,2716121-12-7
1838,14024-48-7,850253-53-1
1839,69393-67-5
1840,2716121-12-7
1841,14024-48-7,850253-53-1
1842,69393-67-5
1843,33516-93-7
1844,41089-88-7
1845,865-47-4,736928-75-9
1846,14024-48-7,850253-53-1
1847,25015-63-8,1847470-87-4
1848,25015-63-8,1847470-87-4
1849,14024-48-7,850253-53-1
1850,14024-48-7,850253-53-1
1851,14024-48-7,850253-53-1
1852,2716121-12-7
1853,14024-48-7,850253-53-1
1854,1641581-58-9
1855,14024-48-7,97239-80-0
1856,2142641-66-3
1857,14024-48-7,161265-03-8
1858,865-47-4,736928-75-9
1859,917-54-4,273750-75-7
1860,18078-25-6
1861,17979-81-6,2094503-97-4
1862,17979-81-6,1600527-14-7
1863,2140175-31-9
1864,2140175-28-4
1865,2140175-32-0
1866,2102673-99-2
1867,865-47-4,736928-75-9
1868,2071741-36-9
1869,17979-81-6,2094503-97-4
1870,1978314-72-5
1871,14024-48-7,161265-03-8
1872,33516-93-7
1873,17979-81-6,2094503-97-4
1874,1978314-78-1
1875,21373-88-6
1876,2716121-12-7
1877,2716121-12-7
1878,1978314-72-5
1879,2716121-12-7
1880,26305-75-9,141556-42-5
1881,1215877-69-2
1882,17979-81-6,1600527-14-7
1883,2716121-12-7
1884,2716121-12-7
1885,25015-63-8,1847470-87-4
1886,25015-63-8,1847470-87-4
1887,1978314-78-1
1888,33516-93-7
1889,17979-81-6,2094503-97-4
1890,1150097-00-9
1891,14024-48-7,166330-10-5
1892,17979-81-6,1600527-14-7
1893,33516-93-7
1894,2716121-12-7
1895,2716121-12-7
1896,25015-63-8,1847470-87-4
1897,17979-81-6,1600527-14-7
1898,17979-81-6,1600527-17-0
1899,851915-21-4