id,scheme,schemeFile,nRCT,nPRO,stages
1,1,SCHEME1,2,1,2
2,2,SCHEME2,2,1,1
3,2,SCHEME2,2,1,1
4,2,SCHEME2,2,1,1
5,3,SCHEME3,2,1,1
6,3,SCHEME3,2,1,1
7,4,SCHEME4,1,1,1
8,5,SCHEME5,2,1,3
9,6,SCHEME6,2,1,3
10,7,SCHEME7,2,1,3
11,8,SCHEME8,2,1,3
12,9,SCHEME9,2,1,3
13,10,SCHEME10,2,1,3
14,11,SCHEME11,2,1,3
15,11,SCHEME11,2,1,1
16,12,SCHEME12,2,1,2
17,12,SCHEME12,2,1,2
18,12,SCHEME12,2,1,1
19,12,SCHEME12,2,1,2
20,12,SCHEME12,2,1,2
21,12,SCHEME12,2,1,1
22,13,SCHEME13,2,1,1
23,13,SCHEME13,2,1,1
24,14,SCHEME14,2,1,3
25,15,SCHEME15,2,1,1
26,15,SCHEME15,2,1,1
27,15,SCHEME15,2,1,1
28,15,SCHEME15,2,1,1
29,16,SCHEME16,2,1,2
30,16,SCHEME16,2,1,2
31,16,SCHEME16,2,1,2
32,16,SCHEME16,2,1,1
33,17,SCHEME17,2,1,1
34,18,SCHEME18,2,1,1
35,18,SCHEME18,2,1,2
36,18,SCHEME18,2,1,2
37,18,SCHEME18,2,1,2
38,19,SCHEME19,2,1,1
39,20,SCHEME20,3,1,1
40,21,SCHEME21,1,1,1
41,22,SCHEME22,1,1,1
42,23,SCHEME23,2,1,1
43,24,SCHEME24,2,1,3
44,25,SCHEME25,2,1,1
45,26,SCHEME26,2,1,1
46,26,SCHEME26,2,1,2
47,26,SCHEME26,2,1,2
48,27,SCHEME27,2,1,1
49,28,SCHEME28,2,1,2
50,29,SCHEME29,2,1,1
51,30,SCHEME30,2,1,3
52,31,SCHEME31,2,1,1
53,31,SCHEME31,2,1,2
54,32,SCHEME32,2,1,1
55,32,SCHEME32,2,1,2
56,32,SCHEME32,2,1,2
57,32,SCHEME32,2,1,2
58,32,SCHEME32,2,1,1
59,33,SCHEME33,2,1,1
60,33,SCHEME33,2,1,1
61,33,SCHEME33,2,1,2
62,33,SCHEME33,2,1,2
63,34,SCHEME34,2,1,2
64,35,SCHEME35,2,1,2
65,36,SCHEME36,2,1,2
66,36,SCHEME36,2,1,2
67,36,SCHEME36,2,1,1
68,36,SCHEME36,2,1,1
69,37,SCHEME37,2,1,2
70,38,SCHEME38,1,1,1
71,39,SCHEME39,1,1,1
72,40,SCHEME40,1,1,1
73,41,SCHEME41,1,1,1
74,42,SCHEME42,2,1,1
75,43,SCHEME43,2,1,2
76,43,SCHEME43,2,1,2
77,43,SCHEME43,2,1,1
78,44,SCHEME44,2,1,1
79,44,SCHEME44,2,1,1
80,45,SCHEME45,2,1,1
81,46,SCHEME46,2,1,1
82,47,SCHEME47,2,1,1
83,48,SCHEME48,2,1,1
84,49,SCHEME49,2,1,1
85,50,SCHEME50,2,1,2
86,51,SCHEME51,2,1,2
87,52,SCHEME52,2,1,2
88,52,SCHEME52,2,1,2
89,52,SCHEME52,2,1,2
90,53,SCHEME53,2,1,2
91,54,SCHEME54,2,1,2
92,54,SCHEME54,2,1,2
93,54,SCHEME54,2,1,2
94,55,SCHEME55,2,1,2
95,55,SCHEME55,2,1,2
96,55,SCHEME55,2,1,2
97,55,SCHEME55,2,1,2
98,56,SCHEME56,2,1,2
99,57,SCHEME57,2,1,2
100,58,SCHEME58,2,1,1
101,59,SCHEME59,2,1,2
102,59,SCHEME59,2,1,2
103,59,SCHEME59,2,1,2
104,60,SCHEME60,2,1,1
105,61,SCHEME61,2,1,1
106,62,SCHEME62,2,1,1
107,62,SCHEME62,2,1,2
108,62,SCHEME62,2,1,2
109,63,SCHEME63,2,1,2
110,64,SCHEME64,2,1,1
111,65,SCHEME65,1,1,1
112,66,SCHEME66,2,1,2
113,67,SCHEME67,2,1,2
114,68,SCHEME68,2,1,2
115,69,SCHEME69,2,1,2
116,70,SCHEME70,2,1,3
117,70,SCHEME70,2,1,2
118,71,SCHEME71,2,1,3
119,72,SCHEME72,2,1,2
120,73,SCHEME73,2,1,2
121,73,SCHEME73,2,1,2
122,74,SCHEME74,2,1,2
123,75,SCHEME75,2,1,2
124,75,SCHEME75,2,1,2
125,75,SCHEME75,2,1,2
126,75,SCHEME75,2,1,2
127,76,SCHEME76,2,1,2
128,76,SCHEME76,2,1,2
129,77,SCHEME77,2,1,2
130,78,SCHEME78,2,1,2
131,79,SCHEME79,2,1,1
132,79,SCHEME79,2,1,3
133,80,SCHEME80,2,1,2
134,80,SCHEME80,2,1,2
135,81,SCHEME81,2,1,2
136,81,SCHEME81,2,1,1
137,81,SCHEME81,2,1,1
138,82,SCHEME82,2,1,2
139,82,SCHEME82,2,1,1
140,83,SCHEME83,2,1,1
141,84,SCHEME84,2,1,1
142,85,SCHEME85,2,1,1
143,86,SCHEME86,2,1,1
144,87,SCHEME87,2,1,2
145,88,SCHEME88,2,1,3
146,89,SCHEME89,2,1,2
147,90,SCHEME90,2,1,1
148,90,SCHEME90,2,1,2
149,90,SCHEME90,2,1,2
150,91,SCHEME91,2,1,1
151,91,SCHEME91,2,1,2
152,91,SCHEME91,2,1,2
153,91,SCHEME91,2,1,1
154,91,SCHEME91,2,1,2
155,92,SCHEME92,2,1,2
156,93,SCHEME93,2,1,3
157,94,SCHEME94,2,1,1
158,94,SCHEME94,2,1,1
159,94,SCHEME94,2,1,1
160,95,SCHEME95,2,1,2
161,96,SCHEME96,2,1,3
162,97,SCHEME97,2,1,3
163,98,SCHEME98,2,1,2
164,99,SCHEME99,2,1,2
165,100,SCHEME100,2,1,2
166,101,SCHEME101,2,1,1
167,102,SCHEME102,2,1,2
168,103,SCHEME103,3,1,1
169,104,SCHEME104,2,1,1
170,105,SCHEME105,2,1,2
171,106,SCHEME106,2,1,1
172,107,SCHEME107,2,1,1
173,108,SCHEME108,2,1,2
174,109,SCHEME109,2,1,1
175,110,SCHEME110,2,1,1
176,111,SCHEME111,2,1,1
177,112,SCHEME112,2,1,1
178,112,SCHEME112,2,1,2
179,112,SCHEME112,2,1,2
180,113,SCHEME113,2,1,2
181,114,SCHEME114,2,1,1
182,114,SCHEME114,2,1,2
183,114,SCHEME114,2,1,2
184,115,SCHEME115,2,1,2
185,116,SCHEME116,2,1,3
186,117,SCHEME117,2,1,2
187,117,SCHEME117,2,1,2
188,118,SCHEME118,3,1,3
189,119,SCHEME119,2,1,2
190,120,SCHEME120,2,1,1
191,121,SCHEME121,4,1,2
192,122,SCHEME122,2,1,2
193,123,SCHEME123,2,1,2
194,124,SCHEME124,1,1,2
195,125,SCHEME125,2,1,2
196,125,SCHEME125,2,1,2
197,126,SCHEME126,2,1,2
198,126,SCHEME126,2,1,2
199,127,SCHEME127,2,1,2
200,128,SCHEME128,2,1,2
201,129,SCHEME129,2,1,2
202,130,SCHEME130,2,1,2
203,131,SCHEME131,2,1,2
204,132,SCHEME132,2,1,2
205,133,SCHEME133,2,1,2
206,134,SCHEME134,2,1,1
207,135,SCHEME135,3,1,4
208,136,SCHEME136,2,1,3
209,137,SCHEME137,2,1,2
210,137,SCHEME137,2,1,2
211,137,SCHEME137,2,1,2
212,137,SCHEME137,2,1,2
213,138,SCHEME138,2,1,3
214,139,SCHEME139,2,1,1
215,140,SCHEME140,2,1,1
216,141,SCHEME141,2,1,2
217,142,SCHEME142,2,1,1
218,143,SCHEME143,2,1,3
219,144,SCHEME144,1,1,1
220,145,SCHEME145,2,1,2
221,146,SCHEME146,2,1,2
222,147,SCHEME147,3,1,2
223,148,SCHEME148,2,1,2
224,148,SCHEME148,2,1,2
225,149,SCHEME149,2,1,2
226,149,SCHEME149,2,1,2
227,149,SCHEME149,2,1,2
228,150,SCHEME150,2,1,2
229,150,SCHEME150,2,1,2
230,151,SCHEME151,2,1,3
231,152,SCHEME152,2,1,2
232,153,SCHEME153,2,1,1
233,154,SCHEME154,2,1,1
234,155,SCHEME155,2,1,1
235,156,SCHEME156,2,1,1
236,157,SCHEME157,1,1,1
237,158,SCHEME158,2,1,1
238,159,SCHEME159,2,1,1
239,160,SCHEME160,2,1,1
240,161,SCHEME161,2,1,2
241,161,SCHEME161,2,1,2
242,162,SCHEME162,2,1,2
243,162,SCHEME162,2,1,2
244,162,SCHEME162,2,1,1
245,163,SCHEME163,2,1,2
246,163,SCHEME163,2,1,2
247,163,SCHEME163,2,1,1
248,164,SCHEME164,2,1,1
249,164,SCHEME164,2,1,1
250,165,SCHEME165,2,1,2
251,166,SCHEME166,2,1,3
252,167,SCHEME167,2,1,2
253,168,SCHEME168,2,1,1
254,169,SCHEME169,2,1,2
255,170,SCHEME170,2,1,2
256,171,SCHEME171,2,1,1
257,172,SCHEME172,2,1,2
258,173,SCHEME173,2,1,2
259,173,SCHEME173,2,1,2
260,173,SCHEME173,2,1,2
261,174,SCHEME174,2,1,1
262,174,SCHEME174,2,1,1
263,175,SCHEME175,2,1,3
264,176,SCHEME176,2,1,3
265,177,SCHEME177,1,1,3
266,178,SCHEME178,2,1,3
267,179,SCHEME179,2,1,1
268,180,SCHEME180,2,1,1
269,181,SCHEME181,2,1,2
270,181,SCHEME181,2,1,1
271,181,SCHEME181,2,1,1
272,182,SCHEME182,2,1,1
273,183,SCHEME183,2,1,1
274,184,SCHEME184,2,1,1
275,185,SCHEME185,2,1,1
276,186,SCHEME186,3,1,3
277,187,SCHEME187,2,1,3
278,188,SCHEME188,2,1,2
279,189,SCHEME189,2,1,2
280,190,SCHEME190,2,1,2
281,191,SCHEME191,3,1,2
282,192,SCHEME192,3,1,2
283,193,SCHEME193,1,1,3
284,194,SCHEME194,2,1,2
285,195,SCHEME195,2,1,2
286,196,SCHEME196,2,1,2
287,197,SCHEME197,2,1,3
288,198,SCHEME198,2,1,1
289,198,SCHEME198,2,1,1
290,199,SCHEME199,2,1,3
291,200,SCHEME200,2,1,3
292,201,SCHEME201,2,1,2
293,202,SCHEME202,2,1,3
294,203,SCHEME203,2,1,1
295,204,SCHEME204,2,1,1
296,205,SCHEME205,2,1,1
297,206,SCHEME206,2,1,1
298,207,SCHEME207,2,1,2
299,208,SCHEME208,2,1,2
300,209,SCHEME209,2,1,2
301,209,SCHEME209,2,1,2
302,210,SCHEME210,2,1,2
303,210,SCHEME210,2,1,2
304,211,SCHEME211,2,1,2
305,212,SCHEME212,2,1,1
306,213,SCHEME213,3,1,3
307,214,SCHEME214,3,1,3
308,215,SCHEME215,2,1,1
309,216,SCHEME216,2,1,3
310,217,SCHEME217,2,1,2
311,218,SCHEME218,2,1,3
312,219,SCHEME219,2,1,1
313,220,SCHEME220,2,1,2
314,221,SCHEME221,2,1,2
315,221,SCHEME221,2,1,2
316,221,SCHEME221,2,1,2
317,222,SCHEME222,2,1,1
318,223,SCHEME223,2,1,2
319,224,SCHEME224,2,1,3
320,225,SCHEME225,2,1,3
321,226,SCHEME226,2,1,1
322,227,SCHEME227,2,1,1
323,228,SCHEME228,2,1,1
324,229,SCHEME229,2,1,1
325,230,SCHEME230,2,1,2
326,231,SCHEME231,2,1,1
327,232,SCHEME232,2,1,1
328,233,SCHEME233,2,1,1
329,234,SCHEME234,1,1,1
330,235,SCHEME235,2,1,3
331,236,SCHEME236,2,1,3
332,237,SCHEME237,2,1,3
333,238,SCHEME238,2,1,3
334,239,SCHEME239,2,1,3
335,240,SCHEME240,1,1,1
336,241,SCHEME241,1,1,1
337,242,SCHEME242,2,1,1
338,243,SCHEME243,2,1,1
339,244,SCHEME244,2,1,1
340,245,SCHEME245,2,1,1
341,246,SCHEME246,2,1,2
342,247,SCHEME247,2,1,2
343,247,SCHEME247,2,1,2
344,248,SCHEME248,2,1,2
345,248,SCHEME248,2,1,2
346,249,SCHEME249,2,1,2
347,250,SCHEME250,2,1,2
348,251,SCHEME251,2,1,1
349,252,SCHEME252,2,1,1
350,253,SCHEME253,2,1,1
351,254,SCHEME254,2,1,1
352,255,SCHEME255,2,1,2
353,256,SCHEME256,3,1,3
354,257,SCHEME257,2,1,1
355,258,SCHEME258,2,1,1
356,259,SCHEME259,2,1,1
357,260,SCHEME260,2,1,2
358,261,SCHEME261,2,1,2
359,262,SCHEME262,2,1,1
360,263,SCHEME263,2,1,2
361,264,SCHEME264,2,1,1
362,265,SCHEME265,2,1,2
363,266,SCHEME266,3,1,2
364,267,SCHEME267,2,1,1
365,268,SCHEME268,3,1,1
366,269,SCHEME269,3,1,2
367,270,SCHEME270,3,1,2
368,271,SCHEME271,3,1,2
369,272,SCHEME272,2,1,3
370,273,SCHEME273,2,1,2
371,274,SCHEME274,2,1,2
372,275,SCHEME275,2,1,2
373,276,SCHEME276,2,1,2
374,277,SCHEME277,2,1,2
375,278,SCHEME278,2,1,2
376,279,SCHEME279,2,1,1
377,280,SCHEME280,3,1,4
378,281,SCHEME281,2,1,2
379,282,SCHEME282,2,1,2
380,282,SCHEME282,2,1,2
381,283,SCHEME283,1,1,1
382,284,SCHEME284,2,1,3
383,285,SCHEME285,2,1,1
384,286,SCHEME286,3,1,3
385,287,SCHEME287,3,1,3
386,288,SCHEME288,2,1,3
387,289,SCHEME289,2,1,1
388,290,SCHEME290,2,1,2
389,291,SCHEME291,2,1,2
390,292,SCHEME292,2,1,2
391,293,SCHEME293,3,1,2
392,294,SCHEME294,3,1,2
393,295,SCHEME295,3,1,2
394,296,SCHEME296,2,1,4
395,297,SCHEME297,2,1,1
396,298,SCHEME298,3,1,3
397,299,SCHEME299,2,1,3
398,300,SCHEME300,2,1,4
399,301,SCHEME301,2,1,2
400,302,SCHEME302,2,1,1
401,303,SCHEME303,2,1,1
402,304,SCHEME304,2,1,2
403,305,SCHEME305,2,1,2
404,306,SCHEME306,2,1,2
405,307,SCHEME307,3,1,3
406,308,SCHEME308,2,1,3
407,309,SCHEME309,3,1,3
408,310,SCHEME310,2,1,2
409,311,SCHEME311,3,1,2
410,312,SCHEME312,2,1,1
411,313,SCHEME313,2,1,1
412,314,SCHEME314,2,1,2
413,315,SCHEME315,2,1,2
414,316,SCHEME316,2,1,2
415,317,SCHEME317,3,1,2
416,318,SCHEME318,3,1,2
417,319,SCHEME319,3,1,2
418,320,SCHEME320,2,1,1
419,321,SCHEME321,2,1,3
420,322,SCHEME322,3,1,2
421,323,SCHEME323,2,1,2
422,324,SCHEME324,3,1,1
423,325,SCHEME325,3,1,2
424,326,SCHEME326,3,1,2
425,327,SCHEME327,3,1,2
426,328,SCHEME328,3,1,2
427,329,SCHEME329,2,1,3
428,330,SCHEME330,2,1,3
429,331,SCHEME331,2,1,2
430,332,SCHEME332,2,1,2
431,333,SCHEME333,2,1,2
432,333,SCHEME333,2,1,2
433,334,SCHEME334,2,1,2
434,335,SCHEME335,2,1,2
435,336,SCHEME336,2,1,1
436,337,SCHEME337,2,1,2
437,338,SCHEME338,2,1,3
438,339,SCHEME339,2,1,3
439,340,SCHEME340,2,1,1
440,341,SCHEME341,3,1,4
441,342,SCHEME342,2,1,1
442,343,SCHEME343,2,1,3
443,344,SCHEME344,2,1,1
444,345,SCHEME345,2,1,2
445,346,SCHEME346,2,1,3
446,347,SCHEME347,1,1,1
447,348,SCHEME348,3,1,3
448,349,SCHEME349,2,1,1
449,350,SCHEME350,2,1,3
450,351,SCHEME351,2,1,1
451,352,SCHEME352,2,1,1
452,353,SCHEME353,2,1,3
453,354,SCHEME354,2,1,3
454,355,SCHEME355,2,1,3
455,356,SCHEME356,2,1,1
456,357,SCHEME357,1,1,1
457,358,SCHEME358,2,1,2
458,359,SCHEME359,2,1,2
459,360,SCHEME360,2,1,1
460,361,SCHEME361,2,1,2
461,362,SCHEME362,2,1,1
462,363,SCHEME363,3,1,2
463,364,SCHEME364,3,1,2
464,365,SCHEME365,3,1,2
465,366,SCHEME366,2,1,2
466,367,SCHEME367,2,1,3
467,368,SCHEME368,2,1,3
468,369,SCHEME369,2,1,2
469,370,SCHEME370,2,1,3
470,371,SCHEME371,2,1,3
471,372,SCHEME372,2,1,4
472,373,SCHEME373,2,1,3
473,374,SCHEME374,2,1,3
474,375,SCHEME375,2,1,2
475,376,SCHEME376,2,1,2
476,377,SCHEME377,2,1,2
477,378,SCHEME378,2,1,1
478,379,SCHEME379,2,1,1
479,380,SCHEME380,2,1,1
480,381,SCHEME381,2,1,1
481,382,SCHEME382,2,1,1
482,383,SCHEME383,1,1,1
483,384,SCHEME384,2,1,1
484,385,SCHEME385,2,1,2
485,386,SCHEME386,2,1,1
486,387,SCHEME387,2,1,2
487,388,SCHEME388,2,1,2
488,389,SCHEME389,2,1,2
489,390,SCHEME390,3,1,2
490,391,SCHEME391,2,1,2
491,392,SCHEME392,2,1,1
492,393,SCHEME393,2,1,1
493,394,SCHEME394,2,1,2
494,395,SCHEME395,2,1,2
495,396,SCHEME396,2,1,3
496,397,SCHEME397,2,1,1
497,398,SCHEME398,2,1,1
498,399,SCHEME399,2,1,1
499,400,SCHEME400,3,1,4
500,401,SCHEME401,1,1,1
501,402,SCHEME1,2,1,3
502,403,SCHEME2,2,1,2
503,404,SCHEME3,2,1,2
504,405,SCHEME4,2,1,1
505,406,SCHEME5,2,1,1
506,407,SCHEME6,2,1,1
507,408,SCHEME7,3,1,3
508,408,SCHEME7,3,1,3
509,408,SCHEME7,3,1,2
510,409,SCHEME8,2,1,3
511,410,SCHEME9,2,1,1
512,411,SCHEME10,3,1,3
513,412,SCHEME11,2,1,2
514,412,SCHEME11,2,1,1
515,412,SCHEME11,2,1,2
516,412,SCHEME11,2,1,1
517,413,SCHEME12,2,1,2
518,414,SCHEME13,3,1,2
519,415,SCHEME14,2,1,2
520,416,SCHEME15,2,1,2
521,417,SCHEME16,2,1,2
522,418,SCHEME17,2,1,2
523,419,SCHEME18,2,1,2
524,420,SCHEME19,2,1,1
525,421,SCHEME20,2,1,1
526,422,SCHEME21,2,1,3
527,423,SCHEME22,3,1,2
528,424,SCHEME23,2,1,3
529,425,SCHEME24,2,1,2
530,426,SCHEME25,2,1,2
531,427,SCHEME26,2,1,2
532,428,SCHEME27,2,1,2
533,429,SCHEME28,2,1,1
534,430,SCHEME29,2,1,1
535,431,SCHEME30,2,1,1
536,432,SCHEME31,2,1,2
537,433,SCHEME32,2,1,2
538,434,SCHEME33,1,1,1
539,435,SCHEME34,2,1,2
540,436,SCHEME35,2,1,2
541,437,SCHEME36,2,1,3
542,438,SCHEME37,2,1,2
543,439,SCHEME38,2,1,3
544,440,SCHEME39,2,1,1
545,441,SCHEME40,2,1,1
546,442,SCHEME41,2,1,1
547,443,SCHEME42,2,1,2
548,444,SCHEME43,3,1,2
549,445,SCHEME44,2,1,2
550,446,SCHEME45,2,1,1
551,447,SCHEME46,2,1,2
552,448,SCHEME47,2,1,2
553,449,SCHEME48,2,1,2
554,450,SCHEME49,2,1,1
555,451,SCHEME50,2,1,2
556,452,SCHEME51,3,1,2
557,453,SCHEME52,2,1,1
558,454,SCHEME53,2,1,2
559,455,SCHEME54,3,1,2
560,456,SCHEME55,3,1,2
561,457,SCHEME56,3,1,2
562,458,SCHEME57,3,1,2
563,459,SCHEME58,2,1,2
564,459,SCHEME58,2,1,2
565,460,SCHEME59,2,1,3
566,461,SCHEME60,2,1,3
567,462,SCHEME61,2,1,2
568,462,SCHEME61,2,1,1
569,463,SCHEME62,2,1,4
570,464,SCHEME63,2,1,2
571,465,SCHEME64,2,1,1
572,466,SCHEME65,2,1,1
573,467,SCHEME66,3,1,4
574,468,SCHEME67,2,1,2
575,469,SCHEME68,2,1,2
576,470,SCHEME69,1,1,1
577,471,SCHEME70,1,1,1
578,472,SCHEME71,2,1,1
579,473,SCHEME72,2,1,2
580,474,SCHEME73,2,1,1
581,475,SCHEME74,2,1,3
582,476,SCHEME75,2,1,1
583,477,SCHEME76,3,1,3
584,478,SCHEME77,3,1,3
585,479,SCHEME78,2,1,3
586,480,SCHEME79,2,1,1
587,481,SCHEME80,2,1,2
588,482,SCHEME81,2,1,2
589,483,SCHEME82,2,1,3
590,484,SCHEME83,2,1,1
591,485,SCHEME84,2,1,2
592,486,SCHEME85,2,1,2
593,487,SCHEME86,2,1,2
594,488,SCHEME87,3,1,2
595,489,SCHEME88,3,1,2
596,490,SCHEME89,3,1,2
597,491,SCHEME90,3,1,2
598,492,SCHEME91,3,1,2
599,493,SCHEME92,2,1,3
600,494,SCHEME93,2,1,3
601,495,SCHEME94,2,1,1
602,496,SCHEME95,2,1,3
603,497,SCHEME96,2,1,3
604,498,SCHEME97,2,1,2
605,499,SCHEME98,2,1,2
606,500,SCHEME99,1,1,1
607,501,SCHEME100,2,1,1
608,502,SCHEME101,2,1,1
609,502,SCHEME101,2,1,2
610,503,SCHEME102,2,1,2
611,504,SCHEME103,2,1,1
612,505,SCHEME104,2,1,2
613,506,SCHEME105,2,1,1
614,507,SCHEME106,2,1,1
615,508,SCHEME107,2,1,1
616,509,SCHEME108,3,1,2
617,510,SCHEME109,2,1,1
618,511,SCHEME110,2,1,1
619,512,SCHEME111,2,1,2
620,513,SCHEME112,2,1,2
621,514,SCHEME113,2,1,2
622,515,SCHEME114,2,1,1
623,516,SCHEME115,2,1,1
624,517,SCHEME116,2,1,2
625,518,SCHEME117,2,1,1
626,519,SCHEME118,2,1,1
627,520,SCHEME119,1,1,1
628,521,SCHEME120,2,1,2
629,522,SCHEME121,2,1,1
630,523,SCHEME122,2,1,1
631,524,SCHEME123,2,1,2
632,524,SCHEME123,2,1,1
633,525,SCHEME124,3,1,3
634,526,SCHEME125,2,1,1
635,527,SCHEME126,2,1,1
636,528,SCHEME127,2,1,1
637,529,SCHEME128,2,1,1
638,530,SCHEME129,2,1,1
639,531,SCHEME130,2,1,1
640,532,SCHEME131,2,1,1
641,533,SCHEME132,2,1,2
642,534,SCHEME133,2,1,2
643,535,SCHEME134,2,1,2
644,536,SCHEME135,2,1,1
645,536,SCHEME135,2,1,3
646,537,SCHEME136,3,1,2
647,538,SCHEME137,3,1,2
648,539,SCHEME138,3,1,2
649,540,SCHEME139,3,1,2
650,541,SCHEME140,2,1,2
651,542,SCHEME141,2,1,2
652,543,SCHEME142,2,1,2
653,544,SCHEME143,2,1,1
654,545,SCHEME144,2,1,1
655,546,SCHEME145,1,1,1
656,547,SCHEME146,2,1,2
657,547,SCHEME146,2,1,2
658,547,SCHEME146,2,1,2
659,548,SCHEME147,2,1,1
660,549,SCHEME148,2,1,2
661,550,SCHEME149,3,1,4
662,551,SCHEME150,2,1,1
663,552,SCHEME151,2,1,1
664,552,SCHEME151,2,1,2
665,553,SCHEME152,2,1,1
666,554,SCHEME153,1,1,1
667,555,SCHEME154,2,1,2
668,556,SCHEME155,2,1,1
669,557,SCHEME156,2,1,1
670,558,SCHEME157,2,1,1
671,559,SCHEME158,2,1,1
672,560,SCHEME159,2,1,2
673,561,SCHEME160,2,1,2
674,562,SCHEME161,2,1,1
675,563,SCHEME162,2,1,2
676,564,SCHEME163,2,1,1
677,565,SCHEME164,2,1,2
678,566,SCHEME165,2,1,2
679,567,SCHEME166,2,1,2
680,568,SCHEME167,2,1,2
681,569,SCHEME168,3,1,2
682,570,SCHEME169,2,1,2
683,571,SCHEME170,2,1,2
684,572,SCHEME171,2,1,1
685,573,SCHEME172,3,1,2
686,574,SCHEME173,3,1,2
687,575,SCHEME174,3,1,2
688,576,SCHEME175,3,1,2
689,577,SCHEME176,2,1,2
690,578,SCHEME177,2,1,2
691,578,SCHEME177,2,1,2
692,579,SCHEME178,2,1,1
693,580,SCHEME179,1,1,1
694,581,SCHEME180,2,1,1
695,582,SCHEME181,2,1,3
696,583,SCHEME182,2,1,2
697,584,SCHEME183,2,1,2
698,585,SCHEME184,2,1,1
699,586,SCHEME185,2,1,1
700,587,SCHEME186,2,1,1
701,588,SCHEME187,2,1,1
702,589,SCHEME188,2,1,1
703,590,SCHEME189,2,1,1
704,591,SCHEME190,2,1,1
705,592,SCHEME191,2,1,2
706,593,SCHEME192,2,1,2
707,594,SCHEME193,2,1,3
708,595,SCHEME194,3,1,3
709,596,SCHEME195,2,1,1
710,597,SCHEME196,3,1,3
711,598,SCHEME197,2,1,2
712,599,SCHEME198,2,1,1
713,600,SCHEME199,2,1,1
714,601,SCHEME200,2,1,2
715,602,SCHEME201,2,1,2
716,603,SCHEME202,2,1,1
717,604,SCHEME203,1,1,1
718,605,SCHEME204,3,1,2
719,606,SCHEME205,2,1,2
720,607,SCHEME206,2,1,3
721,608,SCHEME207,2,1,3
722,609,SCHEME208,2,1,1
723,610,SCHEME209,2,1,2
724,611,SCHEME210,2,1,1
725,612,SCHEME211,2,1,1
726,613,SCHEME212,2,1,3
727,614,SCHEME213,2,1,4
728,615,SCHEME214,2,1,3
729,616,SCHEME215,2,1,4
730,617,SCHEME216,3,1,2
731,618,SCHEME217,2,1,2
732,619,SCHEME218,2,1,1
733,620,SCHEME219,2,1,2
734,621,SCHEME220,2,1,1
735,622,SCHEME221,2,1,1
736,623,SCHEME222,1,1,1
737,624,SCHEME223,2,1,1
738,625,SCHEME224,2,1,2
739,625,SCHEME224,2,1,2
740,626,SCHEME225,2,1,3
741,627,SCHEME226,2,1,1
742,628,SCHEME227,2,1,1
743,629,SCHEME228,2,1,1
744,630,SCHEME229,2,1,1
745,631,SCHEME230,2,1,1
746,632,SCHEME231,2,1,3
747,633,SCHEME232,2,1,1
748,634,SCHEME233,2,1,1
749,635,SCHEME234,2,1,1
750,636,SCHEME235,2,1,1
751,637,SCHEME236,2,1,2
752,638,SCHEME237,2,1,2
753,639,SCHEME238,2,1,1
754,640,SCHEME239,3,1,2
755,641,SCHEME240,2,1,2
756,642,SCHEME241,2,1,2
757,643,SCHEME242,2,1,2
758,644,SCHEME243,2,1,4
759,645,SCHEME244,2,1,4
760,646,SCHEME245,2,1,1
761,647,SCHEME246,3,1,4
762,648,SCHEME247,2,1,1
763,649,SCHEME248,2,1,1
764,649,SCHEME248,2,1,1
765,649,SCHEME248,2,1,1
766,650,SCHEME249,2,1,2
767,651,SCHEME250,2,1,2
768,652,SCHEME251,2,1,1
769,653,SCHEME252,2,1,1
770,654,SCHEME253,2,1,2
771,655,SCHEME254,2,1,2
772,656,SCHEME255,2,1,2
773,657,SCHEME256,2,1,2
774,658,SCHEME257,2,1,2
775,659,SCHEME258,2,1,2
776,660,SCHEME259,2,1,2
777,661,SCHEME260,2,1,3
778,662,SCHEME261,3,1,2
779,663,SCHEME262,2,1,2
780,664,SCHEME263,2,1,1
781,665,SCHEME264,3,1,2
782,666,SCHEME265,2,1,3
783,667,SCHEME266,2,1,3
784,668,SCHEME267,2,1,3
785,669,SCHEME268,2,1,3
786,670,SCHEME269,2,1,2
787,671,SCHEME270,2,1,1
788,672,SCHEME271,2,1,2
789,673,SCHEME272,2,1,1
790,674,SCHEME273,2,1,2
791,675,SCHEME274,2,1,2
792,675,SCHEME274,2,1,2
793,675,SCHEME274,2,1,2
794,676,SCHEME275,2,1,2
795,677,SCHEME276,2,1,3
796,678,SCHEME277,2,1,3
797,679,SCHEME278,2,1,1
798,680,SCHEME279,2,1,2
799,681,SCHEME280,2,1,1
800,682,SCHEME281,2,1,1
801,683,SCHEME282,2,1,1
802,684,SCHEME283,2,1,1
803,685,SCHEME284,2,1,2
804,686,SCHEME285,2,1,2
805,687,SCHEME286,2,1,1
806,688,SCHEME287,2,1,1
807,689,SCHEME288,2,1,2
808,690,SCHEME289,3,1,2
809,691,SCHEME290,2,1,2
810,692,SCHEME291,2,1,2
811,693,SCHEME292,3,1,2
812,694,SCHEME293,3,1,2
813,695,SCHEME294,3,1,2
814,696,SCHEME295,2,1,2
815,697,SCHEME296,1,1,1
816,697,SCHEME296,1,1,1
817,698,SCHEME297,2,1,2
818,699,SCHEME298,2,1,2
819,700,SCHEME299,2,1,1
820,701,SCHEME300,2,1,4
821,702,SCHEME301,2,1,3
822,703,SCHEME302,2,1,3
823,704,SCHEME303,2,1,2
824,705,SCHEME304,2,1,1
825,706,SCHEME305,2,1,1
826,707,SCHEME306,2,1,2
827,708,SCHEME307,2,1,1
828,709,SCHEME308,1,1,1
829,710,SCHEME309,2,1,1
830,711,SCHEME310,2,1,1
831,712,SCHEME311,2,1,1
832,713,SCHEME312,2,1,1
833,714,SCHEME313,2,1,1
834,714,SCHEME313,2,1,2
835,714,SCHEME313,2,1,2
836,715,SCHEME314,2,1,1
837,716,SCHEME315,2,1,2
838,717,SCHEME316,1,1,3
839,718,SCHEME317,2,1,3
840,719,SCHEME318,3,1,2
841,720,SCHEME319,2,1,2
842,721,SCHEME320,3,1,2
843,722,SCHEME321,2,1,1
844,723,SCHEME322,2,1,2
845,724,SCHEME323,3,1,2
846,725,SCHEME324,2,1,3
847,726,SCHEME325,2,1,3
848,727,SCHEME326,2,1,2
849,728,SCHEME327,2,1,2
850,729,SCHEME328,2,1,2
851,730,SCHEME329,2,1,2
852,731,SCHEME330,2,1,2
853,732,SCHEME331,2,1,2
854,733,SCHEME332,2,1,2
855,734,SCHEME333,2,1,1
856,735,SCHEME334,2,1,3
857,736,SCHEME335,2,1,3
858,737,SCHEME336,2,1,3
859,738,SCHEME337,2,1,2
860,739,SCHEME338,2,1,1
861,740,SCHEME339,2,1,2
862,741,SCHEME340,2,1,1
863,742,SCHEME341,2,1,1
864,743,SCHEME342,2,1,2
865,744,SCHEME343,2,1,2
866,745,SCHEME344,2,1,1
867,746,SCHEME345,2,1,2
868,747,SCHEME346,2,1,1
869,748,SCHEME347,3,1,3
870,749,SCHEME348,2,1,2
871,750,SCHEME349,2,1,2
872,751,SCHEME350,2,1,3
873,751,SCHEME350,2,1,3
874,752,SCHEME351,2,1,2
875,753,SCHEME352,2,1,2
876,754,SCHEME353,2,1,2
877,755,SCHEME354,2,1,2
878,756,SCHEME355,2,1,1
879,757,SCHEME356,3,1,2
880,758,SCHEME357,3,1,2
881,759,SCHEME358,2,1,2
882,760,SCHEME359,2,1,3
883,761,SCHEME360,2,1,3
884,762,SCHEME361,2,1,2
885,763,SCHEME362,2,1,1
886,764,SCHEME363,2,1,2
887,765,SCHEME364,2,1,2
888,766,SCHEME365,2,1,3
889,767,SCHEME366,2,1,1
890,768,SCHEME367,2,1,2
891,769,SCHEME368,2,1,2
892,770,SCHEME369,2,1,2
893,770,SCHEME369,2,1,2
894,771,SCHEME370,2,1,1
895,772,SCHEME371,2,1,1
896,773,SCHEME372,2,1,1
897,774,SCHEME373,2,1,1
898,775,SCHEME374,2,1,2
899,776,SCHEME375,3,1,2
900,777,SCHEME376,2,1,1
901,778,SCHEME377,2,1,2
902,779,SCHEME378,2,1,2
903,780,SCHEME379,2,1,2
904,781,SCHEME380,3,1,2
905,782,SCHEME381,2,1,3
906,783,SCHEME382,2,1,2
907,784,SCHEME383,3,1,2
908,785,SCHEME384,2,1,2
909,786,SCHEME385,2,1,3
910,787,SCHEME386,2,1,3
911,788,SCHEME387,2,1,3
912,789,SCHEME388,2,1,2
913,790,SCHEME389,2,1,1
914,790,SCHEME389,2,1,1
915,791,SCHEME390,2,1,1
916,791,SCHEME390,2,1,1
917,792,SCHEME391,2,1,2
918,792,SCHEME391,2,1,2
919,792,SCHEME391,2,1,2
920,793,SCHEME392,2,1,3
921,794,SCHEME393,2,1,1
922,795,SCHEME394,2,1,1
923,796,SCHEME395,2,1,2
924,797,SCHEME396,1,1,1
925,798,SCHEME397,2,1,1
926,799,SCHEME398,1,1,1
927,800,SCHEME399,2,1,1
928,801,SCHEME400,2,1,1
929,802,SCHEME401,2,1,3
930,803,SCHEME402,2,1,1
931,804,SCHEME403,1,1,1
932,805,SCHEME404,2,1,1
933,806,SCHEME405,2,1,1
934,807,SCHEME406,2,1,1
935,808,SCHEME407,2,1,3
936,809,SCHEME408,2,1,2
937,810,SCHEME409,2,1,1
938,811,SCHEME410,2,1,2
939,812,SCHEME411,2,1,1
940,813,SCHEME412,2,1,2
941,814,SCHEME413,2,1,2
942,815,SCHEME414,2,1,2
943,816,SCHEME415,2,1,2
944,817,SCHEME416,2,1,2
945,818,SCHEME417,2,1,2
946,819,SCHEME418,2,1,2
947,820,SCHEME419,3,1,2
948,821,SCHEME420,2,1,1
949,822,SCHEME421,1,1,1
950,823,SCHEME422,3,1,2
951,824,SCHEME423,2,1,1
952,825,SCHEME424,2,1,2
953,826,SCHEME425,3,1,2
954,827,SCHEME426,2,1,2
955,828,SCHEME427,2,1,3
956,829,SCHEME428,3,1,4
957,830,SCHEME429,2,1,1
958,831,SCHEME430,2,1,1
959,831,SCHEME430,2,1,2
960,832,SCHEME431,3,1,3
961,833,SCHEME432,2,1,2
962,834,SCHEME433,3,1,2
963,835,SCHEME434,2,1,2
964,836,SCHEME435,2,1,2
965,837,SCHEME436,2,1,2
966,838,SCHEME437,2,1,2
967,839,SCHEME438,3,1,2
968,840,SCHEME439,2,1,1
969,841,SCHEME440,3,1,2
970,842,SCHEME441,3,1,2
971,843,SCHEME442,2,1,2
972,844,SCHEME443,2,1,2
973,845,SCHEME444,2,1,1
974,845,SCHEME444,2,1,1
975,846,SCHEME445,2,1,3
976,847,SCHEME446,2,1,4
977,848,SCHEME447,2,1,2
978,849,SCHEME448,2,1,2
979,850,SCHEME449,2,1,2
980,851,SCHEME450,2,1,2
981,852,SCHEME451,2,1,1
982,853,SCHEME452,2,1,1
983,854,SCHEME453,2,1,1
984,855,SCHEME454,2,1,1
985,856,SCHEME455,2,1,1
986,857,SCHEME456,2,1,1
987,858,SCHEME457,2,1,1
988,859,SCHEME458,2,1,1
989,860,SCHEME459,2,1,1
990,861,SCHEME460,2,1,2
991,862,SCHEME461,2,1,1
992,863,SCHEME462,2,1,1
993,864,SCHEME463,2,1,1
994,865,SCHEME464,2,1,2
995,866,SCHEME465,2,1,1
996,867,SCHEME466,3,1,3
997,868,SCHEME467,2,1,2
998,869,SCHEME468,2,1,1
999,870,SCHEME469,2,1,1
1000,871,SCHEME470,2,1,2
1001,872,SCHEME1,2,1,2
1002,873,SCHEME2,2,1,1
1003,874,SCHEME3,3,1,2
1004,875,SCHEME4,2,1,1
1005,876,SCHEME5,2,1,3
1006,876,SCHEME5,2,1,3
1007,877,SCHEME6,2,1,1
1008,878,SCHEME7,2,1,2
1009,879,SCHEME8,2,1,1
1010,879,SCHEME8,2,1,3
1011,880,SCHEME9,2,1,1
1012,881,SCHEME10,3,1,4
1013,882,SCHEME11,2,1,1
1014,883,SCHEME12,2,1,2
1015,884,SCHEME13,2,1,1
1016,885,SCHEME14,2,1,1
1017,886,SCHEME15,2,1,1
1018,887,SCHEME16,2,1,2
1019,888,SCHEME17,2,1,1
1020,889,SCHEME18,2,1,1
1021,890,SCHEME19,2,1,1
1022,891,SCHEME20,2,1,1
1023,892,SCHEME21,2,1,2
1024,893,SCHEME22,2,1,2
1025,894,SCHEME23,1,1,1
1026,894,SCHEME23,1,1,1
1027,895,SCHEME24,3,1,2
1028,896,SCHEME25,2,1,2
1029,897,SCHEME26,2,1,2
1030,898,SCHEME27,2,1,2
1031,899,SCHEME28,2,1,1
1032,900,SCHEME29,2,1,2
1033,901,SCHEME30,2,1,1
1034,902,SCHEME31,2,1,2
1035,903,SCHEME32,2,1,2
1036,904,SCHEME33,2,1,1
1037,905,SCHEME34,2,1,1
1038,906,SCHEME35,2,1,2
1039,907,SCHEME36,3,1,4
1040,908,SCHEME37,3,1,4
1041,909,SCHEME38,2,1,1
1042,910,SCHEME39,2,1,1
1043,911,SCHEME40,2,1,1
1044,912,SCHEME41,2,1,2
1045,913,SCHEME42,2,1,2
1046,914,SCHEME43,2,1,1
1047,915,SCHEME44,2,1,2
1048,916,SCHEME45,2,1,2
1049,917,SCHEME46,2,1,2
1050,918,SCHEME47,2,1,1
1051,919,SCHEME48,3,1,2
1052,920,SCHEME49,2,1,1
1053,921,SCHEME50,2,1,3
1054,922,SCHEME51,3,1,2
1055,923,SCHEME52,2,1,1
1056,924,SCHEME53,2,1,2
1057,925,SCHEME54,2,1,2
1058,926,SCHEME55,2,1,1
1059,927,SCHEME56,2,1,2
1060,928,SCHEME57,2,1,3
1061,929,SCHEME58,3,1,3
1062,930,SCHEME59,2,1,1
1063,931,SCHEME60,2,1,3
1064,932,SCHEME61,2,1,2
1065,933,SCHEME62,2,1,1
1066,934,SCHEME63,2,1,1
1067,935,SCHEME64,2,1,1
1068,936,SCHEME65,3,1,2
1069,937,SCHEME66,3,1,2
1070,938,SCHEME67,2,1,3
1071,939,SCHEME68,2,1,3
1072,940,SCHEME69,2,1,2
1073,941,SCHEME70,2,1,1
1074,942,SCHEME71,2,1,2
1075,943,SCHEME72,2,1,3
1076,944,SCHEME73,2,1,1
1077,945,SCHEME74,2,1,1
1078,946,SCHEME75,2,1,1
1079,947,SCHEME76,2,1,1
1080,948,SCHEME77,2,1,2
1081,949,SCHEME78,2,1,2
1082,950,SCHEME79,2,1,2
1083,951,SCHEME80,2,1,1
1084,952,SCHEME81,2,1,1
1085,953,SCHEME82,2,1,1
1086,954,SCHEME83,2,1,1
1087,955,SCHEME84,2,1,1
1088,956,SCHEME85,2,1,1
1089,957,SCHEME86,3,1,2
1090,958,SCHEME87,3,1,2
1091,959,SCHEME88,2,1,2
1092,960,SCHEME89,2,1,2
1093,961,SCHEME90,2,1,1
1094,961,SCHEME90,2,1,1
1095,962,SCHEME91,2,1,2
1096,963,SCHEME92,2,1,3
1097,963,SCHEME92,2,1,3
1098,964,SCHEME93,2,1,3
1099,965,SCHEME94,2,1,1
1100,966,SCHEME95,2,1,1
1101,966,SCHEME95,2,1,1
1102,966,SCHEME95,2,1,1
1103,967,SCHEME96,2,1,1
1104,968,SCHEME97,2,1,2
1105,969,SCHEME98,3,1,2
1106,970,SCHEME99,2,1,2
1107,971,SCHEME100,3,1,2
1108,972,SCHEME101,3,1,2
1109,973,SCHEME102,3,1,2
1110,974,SCHEME103,2,1,2
1111,975,SCHEME104,2,1,2
1112,976,SCHEME105,2,1,2
1113,977,SCHEME106,1,1,1
1114,978,SCHEME107,2,1,1
1115,979,SCHEME108,3,1,3
1116,979,SCHEME108,3,1,2
1117,980,SCHEME109,2,1,2
1118,981,SCHEME110,2,1,1
1119,982,SCHEME111,2,1,1
1120,983,SCHEME112,2,1,1
1121,984,SCHEME113,2,1,2
1122,985,SCHEME114,2,1,1
1123,986,SCHEME115,2,1,1
1124,987,SCHEME116,2,1,2
1125,988,SCHEME117,3,1,2
1126,989,SCHEME118,3,1,2
1127,990,SCHEME119,3,1,2
1128,991,SCHEME120,3,1,2
1129,992,SCHEME121,3,1,2
1130,993,SCHEME122,3,1,2
1131,994,SCHEME123,4,1,3
1132,995,SCHEME124,1,1,1
1133,996,SCHEME125,2,1,1
1134,997,SCHEME126,2,1,1
1135,998,SCHEME127,2,1,1
1136,998,SCHEME127,2,1,1
1137,999,SCHEME128,2,1,2
1138,1000,SCHEME129,2,1,2
1139,1001,SCHEME130,2,1,1
1140,1002,SCHEME131,2,1,1
1141,1003,SCHEME132,3,1,2
1142,1004,SCHEME133,2,1,1
1143,1005,SCHEME134,2,1,2
1144,1006,SCHEME135,2,1,2
1145,1007,SCHEME136,2,1,2
1146,1008,SCHEME137,2,1,3
1147,1009,SCHEME138,2,1,2
1148,1010,SCHEME139,2,1,1
1149,1011,SCHEME140,2,1,1
1150,1012,SCHEME141,2,1,3
1151,1013,SCHEME142,2,1,1
1152,1014,SCHEME143,1,1,1
1153,1015,SCHEME144,3,1,2
1154,1016,SCHEME145,2,1,2
1155,1016,SCHEME145,2,1,2
1156,1017,SCHEME146,2,1,3
1157,1018,SCHEME147,2,1,2
1158,1019,SCHEME148,2,1,1
1159,1020,SCHEME149,3,1,4
1160,1021,SCHEME150,2,1,2
1161,1022,SCHEME151,2,1,1
1162,1023,SCHEME152,2,1,1
1163,1024,SCHEME153,2,1,1
1164,1025,SCHEME154,2,1,1
1165,1026,SCHEME155,2,1,1
1166,1027,SCHEME156,2,1,2
1167,1028,SCHEME157,2,1,1
1168,1029,SCHEME158,2,1,2
1169,1030,SCHEME159,3,1,2
1170,1031,SCHEME160,3,1,2
1171,1032,SCHEME161,2,1,2
1172,1033,SCHEME162,2,1,1
1173,1034,SCHEME163,2,1,3
1174,1035,SCHEME164,2,1,2
1175,1036,SCHEME165,1,1,2
1176,1037,SCHEME166,2,1,2
1177,1038,SCHEME167,2,1,2
1178,1039,SCHEME168,2,1,1
1179,1040,SCHEME169,2,1,2
1180,1041,SCHEME170,2,1,1
1181,1042,SCHEME171,2,1,2
1182,1043,SCHEME172,2,1,2
1183,1044,SCHEME173,2,1,1
1184,1045,SCHEME174,2,1,1
1185,1046,SCHEME175,3,1,2
1186,1047,SCHEME176,2,1,2
1187,1048,SCHEME177,2,1,1
1188,1049,SCHEME178,2,1,2
1189,1050,SCHEME179,3,1,2
1190,1051,SCHEME180,3,1,2
1191,1052,SCHEME181,2,1,2
1192,1053,SCHEME182,2,1,2
1193,1054,SCHEME183,2,1,1
1194,1055,SCHEME184,2,1,2
1195,1056,SCHEME185,1,1,1
1196,1057,SCHEME186,2,1,3
1197,1058,SCHEME187,3,1,1
1198,1059,SCHEME188,2,1,1
1199,1059,SCHEME188,2,1,2
1200,1060,SCHEME189,2,1,1
1201,1061,SCHEME190,2,1,1
1202,1062,SCHEME191,1,1,2
1203,1063,SCHEME192,2,1,2
1204,1064,SCHEME193,2,1,1
1205,1065,SCHEME194,3,1,3
1206,1065,SCHEME194,3,1,3
1207,1065,SCHEME194,3,1,2
1208,1066,SCHEME195,3,1,2
1209,1066,SCHEME195,3,1,3
1210,1067,SCHEME196,2,1,2
1211,1068,SCHEME197,2,1,1
1212,1069,SCHEME198,2,1,2
1213,1070,SCHEME199,4,1,3
1214,1071,SCHEME200,2,1,2
1215,1072,SCHEME201,2,1,1
1216,1072,SCHEME201,2,1,1
1217,1073,SCHEME202,2,1,2
1218,1074,SCHEME203,2,1,1
1219,1075,SCHEME204,2,1,1
1220,1076,SCHEME205,2,1,2
1221,1077,SCHEME206,3,1,2
1222,1078,SCHEME207,3,1,2
1223,1079,SCHEME208,3,1,2
1224,1080,SCHEME209,2,1,2
1225,1081,SCHEME210,2,1,1
1226,1081,SCHEME210,2,1,1
1227,1082,SCHEME211,2,1,2
1228,1083,SCHEME212,2,1,1
1229,1084,SCHEME213,2,1,2
1230,1085,SCHEME214,2,1,1
1231,1086,SCHEME215,2,1,1
1232,1087,SCHEME216,2,1,1
1233,1088,SCHEME217,2,1,1
1234,1089,SCHEME218,3,1,2
1235,1090,SCHEME219,2,1,2
1236,1091,SCHEME220,1,1,2
1237,1092,SCHEME221,2,1,3
1238,1093,SCHEME222,2,1,1
1239,1094,SCHEME223,2,1,1
1240,1095,SCHEME224,2,1,1
1241,1096,SCHEME225,2,1,1
1242,1097,SCHEME226,2,1,1
1243,1098,SCHEME227,2,1,3
1244,1099,SCHEME228,3,1,2
1245,1100,SCHEME229,2,1,2
1246,1101,SCHEME230,2,1,3
1247,1102,SCHEME231,2,1,2
1248,1103,SCHEME232,2,1,2
1249,1104,SCHEME233,3,1,4
1250,1105,SCHEME234,2,1,2
1251,1106,SCHEME235,2,1,2
1252,1107,SCHEME236,2,1,2
1253,1108,SCHEME237,3,1,2
1254,1108,SCHEME237,3,1,3
1255,1109,SCHEME238,2,1,1
1256,1110,SCHEME239,2,1,1
1257,1111,SCHEME240,2,1,1
1258,1112,SCHEME241,2,1,1
1259,1113,SCHEME242,2,1,1
1260,1114,SCHEME243,2,1,1
1261,1115,SCHEME244,2,1,1
1262,1116,SCHEME245,2,1,1
1263,1117,SCHEME246,2,1,1
1264,1118,SCHEME247,2,1,2
1265,1119,SCHEME248,2,1,1
1266,1119,SCHEME248,2,1,1
1267,1120,SCHEME249,2,1,3
1268,1121,SCHEME250,2,1,1
1269,1122,SCHEME251,2,1,2
1270,1123,SCHEME252,2,1,3
1271,1124,SCHEME253,2,1,1
1272,1124,SCHEME253,2,1,1
1273,1125,SCHEME254,2,1,1
1274,1126,SCHEME255,2,1,3
1275,1127,SCHEME256,1,1,1
1276,1128,SCHEME257,2,1,1
1277,1129,SCHEME258,2,1,1
1278,1130,SCHEME259,2,1,2
1279,1131,SCHEME260,3,1,2
1280,1132,SCHEME261,3,1,2
1281,1133,SCHEME262,3,1,2
1282,1134,SCHEME263,2,1,2
1283,1135,SCHEME264,2,1,2
1284,1136,SCHEME265,2,1,1
1285,1137,SCHEME266,2,1,2
1286,1138,SCHEME267,2,1,2
1287,1139,SCHEME268,1,1,2
1288,1140,SCHEME269,2,1,2
1289,1141,SCHEME270,2,1,1
1290,1142,SCHEME271,2,1,2
1291,1143,SCHEME272,2,1,1
1292,1144,SCHEME273,2,1,1
1293,1145,SCHEME274,3,1,2
1294,1146,SCHEME275,3,1,2
1295,1147,SCHEME276,2,1,2
1296,1148,SCHEME277,2,1,3
1297,1149,SCHEME278,2,1,3
1298,1150,SCHEME279,2,1,1
1299,1151,SCHEME280,2,1,1
1300,1152,SCHEME281,2,1,1
1301,1153,SCHEME282,2,1,1
1302,1154,SCHEME283,3,1,2
1303,1155,SCHEME284,3,1,2
1304,1156,SCHEME285,2,1,3
1305,1157,SCHEME286,2,1,1
1306,1157,SCHEME286,2,1,1
1307,1158,SCHEME287,2,1,1
1308,1159,SCHEME288,2,1,1
1309,1160,SCHEME289,2,1,3
1310,1161,SCHEME290,2,1,1
1311,1162,SCHEME291,2,1,1
1312,1163,SCHEME292,2,1,1
1313,1164,SCHEME293,2,1,1
1314,1165,SCHEME294,2,1,3
1315,1166,SCHEME295,2,1,1
1316,1167,SCHEME296,1,1,1
1317,1168,SCHEME297,2,1,2
1318,1169,SCHEME298,2,1,2
1319,1170,SCHEME299,2,1,2
1320,1171,SCHEME300,4,1,3
1321,1172,SCHEME301,2,1,2
1322,1173,SCHEME302,2,1,2
1323,1174,SCHEME303,2,1,2
1324,1175,SCHEME304,2,1,2
1325,1176,SCHEME305,2,1,1
1326,1177,SCHEME306,2,1,1
1327,1178,SCHEME307,2,1,1
1328,1179,SCHEME308,2,1,1
1329,1180,SCHEME309,2,1,1
1330,1181,SCHEME310,2,1,1
1331,1182,SCHEME311,2,1,3
1332,1183,SCHEME312,3,1,2
1333,1184,SCHEME313,2,1,2
1334,1185,SCHEME314,1,1,1
1335,1186,SCHEME315,2,1,2
1336,1187,SCHEME316,2,1,1
1337,1188,SCHEME317,2,1,1
1338,1189,SCHEME318,2,1,2
1339,1190,SCHEME319,3,1,2
1340,1190,SCHEME319,3,1,3
1341,1191,SCHEME320,2,1,1
1342,1192,SCHEME321,2,1,1
1343,1193,SCHEME322,2,1,2
1344,1194,SCHEME323,2,1,1
1345,1195,SCHEME324,2,1,2
1346,1196,SCHEME325,2,1,1
1347,1197,SCHEME326,2,1,3
1348,1198,SCHEME327,2,1,2
1349,1199,SCHEME328,2,1,1
1350,1199,SCHEME328,2,1,1
1351,1199,SCHEME328,2,1,2
1352,1200,SCHEME329,2,1,1
1353,1201,SCHEME330,2,1,1
1354,1202,SCHEME331,2,1,1
1355,1203,SCHEME332,2,1,1
1356,1204,SCHEME333,2,1,1
1357,1204,SCHEME333,2,1,1
1358,1205,SCHEME334,3,1,4
1359,1206,SCHEME335,2,1,1
1360,1207,SCHEME336,2,1,1
1361,1208,SCHEME337,2,1,2
1362,1209,SCHEME338,2,1,2
1363,1210,SCHEME339,2,1,1
1364,1211,SCHEME340,2,1,1
1365,1212,SCHEME341,2,1,3
1366,1213,SCHEME342,2,1,2
1367,1214,SCHEME343,2,1,3
1368,1215,SCHEME344,2,1,2
1369,1216,SCHEME345,2,1,3
1370,1217,SCHEME346,2,1,2
1371,1218,SCHEME347,3,1,3
1372,1219,SCHEME348,2,1,3
1373,1220,SCHEME349,2,1,1
1374,1221,SCHEME350,2,1,1
1375,1222,SCHEME351,2,1,1
1376,1223,SCHEME352,2,1,2
1377,1224,SCHEME353,2,1,1
1378,1225,SCHEME354,2,1,1
1379,1226,SCHEME355,2,1,1
1380,1227,SCHEME356,2,1,1
1381,1228,SCHEME357,3,1,2
1382,1229,SCHEME358,3,1,2
1383,1230,SCHEME359,3,1,2
1384,1231,SCHEME360,2,1,2
1385,1232,SCHEME361,2,1,1
1386,1233,SCHEME362,2,1,1
1387,1234,SCHEME363,2,1,1
1388,1235,SCHEME364,2,1,1
1389,1236,SCHEME365,2,1,1
1390,1237,SCHEME366,2,1,1
1391,1238,SCHEME367,2,1,1
1392,1239,SCHEME368,2,1,1
1393,1240,SCHEME369,3,1,2
1394,1241,SCHEME370,2,1,2
1395,1242,SCHEME371,2,1,2
1396,1243,SCHEME372,2,1,1
1397,1244,SCHEME373,2,1,1
1398,1245,SCHEME374,2,1,1
1399,1246,SCHEME375,2,1,1
1400,1247,SCHEME376,2,1,2
1401,1248,SCHEME377,2,1,2
1402,1249,SCHEME378,3,1,2
1403,1250,SCHEME379,3,1,2
1404,1251,SCHEME380,2,1,2
1405,1252,SCHEME381,2,1,1
1406,1253,SCHEME382,2,1,1
1407,1254,SCHEME383,2,1,1
1408,1255,SCHEME384,3,1,2
1409,1256,SCHEME385,2,1,3
1410,1257,SCHEME386,2,1,2
1411,1258,SCHEME387,2,1,3
1412,1259,SCHEME388,2,1,2
1413,1260,SCHEME389,2,1,1
1414,1261,SCHEME390,2,1,1
1415,1262,SCHEME391,2,1,1
1416,1263,SCHEME392,2,1,1
1417,1264,SCHEME393,2,1,2
1418,1265,SCHEME394,2,1,2
1419,1266,SCHEME395,2,1,2
1420,1267,SCHEME396,2,1,1
1421,1268,SCHEME397,2,1,2
1422,1269,SCHEME398,2,1,3
1423,1270,SCHEME399,2,1,1
1424,1270,SCHEME399,2,1,1
1425,1271,SCHEME400,2,1,1
1426,1271,SCHEME400,2,1,1
1427,1272,SCHEME401,2,1,1
1428,1273,SCHEME402,2,1,2
1429,1274,SCHEME403,2,1,1
1430,1275,SCHEME404,2,1,3
1431,1276,SCHEME405,2,1,2
1432,1277,SCHEME406,2,1,1
1433,1278,SCHEME407,2,1,1
1434,1279,SCHEME408,2,1,2
1435,1280,SCHEME409,2,1,2
1436,1281,SCHEME410,2,1,2
1437,1282,SCHEME411,2,1,2
1438,1283,SCHEME412,2,1,2
1439,1284,SCHEME413,2,1,1
1440,1285,SCHEME414,2,1,1
1441,1286,SCHEME415,2,1,2
1442,1287,SCHEME416,2,1,1
1443,1288,SCHEME417,2,1,2
1444,1289,SCHEME418,2,1,3
1445,1290,SCHEME419,2,1,2
1446,1291,SCHEME420,2,1,1
1447,1292,SCHEME421,2,1,2
1448,1293,SCHEME422,2,1,3
1449,1294,SCHEME423,2,1,1
1450,1294,SCHEME423,2,1,1
1451,1295,SCHEME424,2,1,4
1452,1296,SCHEME425,2,1,1
1453,1297,SCHEME426,2,1,3
1454,1298,SCHEME427,2,1,1
1455,1299,SCHEME428,2,1,1
1456,1300,SCHEME429,2,1,2
1457,1301,SCHEME430,2,1,2
1458,1302,SCHEME431,2,1,1
1459,1303,SCHEME432,2,1,1
1460,1304,SCHEME433,2,1,1
1461,1305,SCHEME434,2,1,2
1462,1306,SCHEME435,2,1,3
1463,1307,SCHEME436,2,1,1
1464,1308,SCHEME437,2,1,2
1465,1309,SCHEME438,2,1,1
1466,1310,SCHEME439,2,1,4
1467,1311,SCHEME440,2,1,1
1468,1312,SCHEME441,2,1,4
1469,1313,SCHEME442,2,1,2
1470,1314,SCHEME443,2,1,4
1471,1315,SCHEME444,2,1,2
1472,1316,SCHEME445,2,1,1
1473,1316,SCHEME445,2,1,1
1474,1317,SCHEME446,2,1,2
1475,1318,SCHEME447,2,1,1
1476,1319,SCHEME448,2,1,2
1477,1320,SCHEME449,2,1,3
1478,1321,SCHEME450,2,1,1
1479,1322,SCHEME451,2,1,1
1480,1323,SCHEME452,2,1,1
1481,1324,SCHEME453,2,1,2
1482,1325,SCHEME454,4,1,2
1483,1326,SCHEME455,2,1,2
1484,1327,SCHEME456,2,1,2
1485,1328,SCHEME457,2,1,2
1486,1329,SCHEME458,2,1,2
1487,1330,SCHEME459,2,2,3
1488,1331,SCHEME460,2,2,2
1489,1332,SCHEME461,2,2,1
1490,1333,SCHEME462,2,2,2
1491,1334,SCHEME463,2,2,1
1492,1335,SCHEME464,3,2,4
1493,1336,SCHEME465,2,2,2
1494,1337,SCHEME466,1,2,1
1495,1338,SCHEME467,2,2,2
1496,1339,SCHEME468,2,2,3
1497,1340,SCHEME469,2,2,3
1498,1341,SCHEME470,2,2,3
1499,1342,SCHEME471,3,2,4
1500,1343,SCHEME472,2,2,1
1501,1344,SCHEME1,2,2,1
1502,1344,SCHEME1,2,2,1
1503,1345,SCHEME2,2,2,2
1504,1346,SCHEME3,2,2,3
1505,1346,SCHEME3,2,2,2
1506,1346,SCHEME3,2,2,3
1507,1346,SCHEME3,2,2,2
1508,1346,SCHEME3,2,2,1
1509,1346,SCHEME3,2,2,1
1510,1346,SCHEME3,2,2,1
1511,1347,SCHEME4,3,2,4
1512,1347,SCHEME4,3,2,4
1513,1348,SCHEME5,3,2,2
1514,1348,SCHEME5,3,2,2
1515,1349,SCHEME6,3,2,4
1516,1349,SCHEME6,3,2,4
1517,1350,SCHEME7,3,2,4
1518,1351,SCHEME8,2,2,1
1519,1352,SCHEME9,2,2,3
1520,1352,SCHEME9,2,2,1
1521,1352,SCHEME9,2,2,3
1522,1353,SCHEME10,3,2,4
1523,1353,SCHEME10,3,2,4
1524,1354,SCHEME11,2,2,1
1525,1354,SCHEME11,2,2,1
1526,1354,SCHEME11,2,2,1
1527,1354,SCHEME11,2,2,1
1528,1355,SCHEME12,2,2,2
1529,1356,SCHEME13,2,2,1
1530,1356,SCHEME13,2,2,1
1531,1357,SCHEME14,3,2,4
1532,1357,SCHEME14,3,2,4
1533,1358,SCHEME15,2,2,3
1534,1359,SCHEME16,2,2,3
1535,1359,SCHEME16,2,2,3
1536,1359,SCHEME16,2,2,1
1537,1360,SCHEME17,2,2,1
1538,1361,SCHEME18,2,2,1
1539,1361,SCHEME18,2,2,1
1540,1362,SCHEME19,2,2,2
1541,1363,SCHEME20,2,2,1
1542,1364,SCHEME21,2,2,3
1543,1365,SCHEME22,2,2,1
1544,1365,SCHEME22,2,2,3
1545,1366,SCHEME23,2,2,1
1546,1367,SCHEME24,2,2,1
1547,1367,SCHEME24,2,2,1
1548,1368,SCHEME25,2,2,1
1549,1369,SCHEME26,2,2,3
1550,1370,SCHEME27,2,2,1
1551,1371,SCHEME28,3,2,3
1552,1372,SCHEME29,2,2,1
1553,1373,SCHEME30,2,2,1
1554,1373,SCHEME30,2,2,1
1555,1374,SCHEME31,2,2,3
1556,1374,SCHEME31,2,2,1
1557,1375,SCHEME32,2,2,1
1558,1375,SCHEME32,2,2,3
1559,1376,SCHEME33,2,2,1
1560,1377,SCHEME34,2,2,3
1561,1378,SCHEME35,3,2,3
1562,1379,SCHEME36,3,2,3
1563,1380,SCHEME37,2,2,2
1564,1380,SCHEME37,2,2,2
1565,1381,SCHEME38,2,2,2
1566,1382,SCHEME39,3,2,3
1567,1383,SCHEME40,2,2,1
1568,1384,SCHEME41,2,2,1
1569,1385,SCHEME42,2,2,2
1570,1386,SCHEME43,2,2,3
1571,1386,SCHEME43,2,2,1
1572,1386,SCHEME43,2,2,3
1573,1387,SCHEME44,2,2,2
1574,1388,SCHEME45,2,2,1
1575,1389,SCHEME46,2,2,2
1576,1389,SCHEME46,2,2,2
1577,1390,SCHEME47,2,2,3
1578,1391,SCHEME48,2,2,1
1579,1392,SCHEME49,2,2,3
1580,1393,SCHEME50,2,2,3
1581,1393,SCHEME50,2,2,3
1582,1394,SCHEME51,2,2,2
1583,1395,SCHEME52,3,2,4
1584,1396,SCHEME53,3,2,4
1585,1396,SCHEME53,3,2,4
1586,1397,SCHEME54,2,2,1
1587,1398,SCHEME55,2,2,3
1588,1399,SCHEME56,2,2,3
1589,1400,SCHEME57,2,2,3
1590,1401,SCHEME58,2,2,1
1591,1401,SCHEME58,2,2,1
1592,1401,SCHEME58,2,2,1
1593,1402,SCHEME59,2,2,2
1594,1402,SCHEME59,2,2,2
1595,1402,SCHEME59,2,2,2
1596,1403,SCHEME60,3,2,3
1597,1404,SCHEME61,2,2,3
1598,1404,SCHEME61,2,2,1
1599,1405,SCHEME62,2,2,1
1600,1406,SCHEME63,2,2,2
1601,1407,SCHEME64,2,2,3
1602,1408,SCHEME65,2,2,1
1603,1409,SCHEME66,2,2,2
1604,1409,SCHEME66,2,2,1
1605,1409,SCHEME66,2,2,1
1606,1409,SCHEME66,2,2,1
1607,1410,SCHEME67,1,2,3
1608,1411,SCHEME68,2,2,2
1609,1412,SCHEME69,2,2,3
1610,1413,SCHEME70,2,2,1
1611,1414,SCHEME71,2,2,1
1612,1415,SCHEME72,2,2,2
1613,1416,SCHEME73,2,2,3
1614,1417,SCHEME74,2,2,1
1615,1417,SCHEME74,2,2,1
1616,1418,SCHEME75,3,2,3
1617,1419,SCHEME76,3,2,3
1618,1420,SCHEME77,3,2,3
1619,1421,SCHEME78,2,2,1
1620,1422,SCHEME79,2,2,1
1621,1423,SCHEME80,2,2,2
1622,1424,SCHEME81,2,2,3
1623,1425,SCHEME82,2,2,3
1624,1426,SCHEME83,2,2,3
1625,1427,SCHEME84,2,2,1
1626,1428,SCHEME85,2,2,1
1627,1429,SCHEME86,3,2,4
1628,1429,SCHEME86,3,2,4
1629,1430,SCHEME87,2,2,1
1630,1431,SCHEME88,2,2,1
1631,1432,SCHEME89,2,2,1
1632,1432,SCHEME89,2,2,3
1633,1432,SCHEME89,2,2,2
1634,1433,SCHEME90,2,2,2
1635,1434,SCHEME91,2,2,3
1636,1435,SCHEME92,2,2,2
1637,1436,SCHEME93,3,2,3
1638,1437,SCHEME94,2,2,1
1639,1438,SCHEME95,2,2,2
1640,1439,SCHEME96,2,2,1
1641,1440,SCHEME97,2,2,1
1642,1441,SCHEME98,2,2,3
1643,1442,SCHEME99,3,2,3
1644,1443,SCHEME100,2,2,1
1645,1444,SCHEME101,2,2,1
1646,1445,SCHEME102,2,2,2
1647,1446,SCHEME103,2,2,1
1648,1446,SCHEME103,2,2,1
1649,1447,SCHEME104,2,2,1
1650,1448,SCHEME105,2,2,2
1651,1449,SCHEME106,2,2,1
1652,1450,SCHEME107,2,2,1
1653,1451,SCHEME108,2,2,1
1654,1452,SCHEME109,2,2,2
1655,1453,SCHEME110,2,2,2
1656,1454,SCHEME111,2,2,1
1657,1455,SCHEME112,2,2,3
1658,1456,SCHEME113,3,2,3
1659,1457,SCHEME114,2,2,3
1660,1458,SCHEME115,1,2,1
1661,1459,SCHEME116,2,2,3
1662,1460,SCHEME117,2,2,2
1663,1461,SCHEME118,3,2,3
1664,1462,SCHEME119,3,2,3
1665,1463,SCHEME120,2,2,2
1666,1464,SCHEME121,2,2,2
1667,1465,SCHEME122,2,2,3
1668,1466,SCHEME123,2,2,3
1669,1467,SCHEME124,2,2,3
1670,1468,SCHEME125,2,2,3
1671,1469,SCHEME126,2,2,3
1672,1470,SCHEME127,2,2,1
1673,1471,SCHEME128,3,2,3
1674,1472,SCHEME129,2,2,1
1675,1473,SCHEME130,2,2,2
1676,1473,SCHEME130,2,2,2
1677,1474,SCHEME131,3,2,3
1678,1475,SCHEME132,3,2,1
1679,1476,SCHEME133,2,2,1
1680,1477,SCHEME134,1,2,1
1681,1478,SCHEME135,2,2,2
1682,1479,SCHEME136,3,2,4
1683,1480,SCHEME137,3,2,4
1684,1480,SCHEME137,3,2,4
1685,1481,SCHEME138,2,2,1
1686,1482,SCHEME139,2,2,1
1687,1483,SCHEME140,2,2,3
1688,1483,SCHEME140,2,2,1
1689,1483,SCHEME140,2,2,1
1690,1484,SCHEME141,2,2,1
1691,1485,SCHEME142,2,2,2
1692,1486,SCHEME143,3,2,3
1693,1487,SCHEME144,3,2,3
1694,1488,SCHEME145,2,2,1
1695,1489,SCHEME146,3,2,3
1696,1489,SCHEME146,3,2,3
1697,1490,SCHEME147,2,2,3
1698,1491,SCHEME148,2,2,1
1699,1492,SCHEME149,2,2,1
1700,1493,SCHEME150,2,2,3
1701,1494,SCHEME151,3,2,3
1702,1494,SCHEME151,3,2,3
1703,1495,SCHEME152,2,2,1
1704,1496,SCHEME153,2,2,3
1705,1497,SCHEME154,2,2,2
1706,1498,SCHEME155,2,2,3
1707,1499,SCHEME156,2,2,3
1708,1500,SCHEME157,2,2,1
1709,1501,SCHEME158,2,2,1
1710,1502,SCHEME159,2,2,2
1711,1503,SCHEME160,2,2,2
1712,1504,SCHEME161,2,2,2
1713,1505,SCHEME162,2,2,3
1714,1506,SCHEME163,2,2,1
1715,1507,SCHEME164,2,2,2
1716,1507,SCHEME164,2,2,2
1717,1507,SCHEME164,2,2,2
1718,1507,SCHEME164,2,2,2
1719,1508,SCHEME165,2,2,3
1720,1509,SCHEME166,2,2,1
1721,1510,SCHEME167,2,2,1
1722,1511,SCHEME168,2,2,3
1723,1512,SCHEME169,2,2,1
1724,1513,SCHEME170,2,2,2
1725,1514,SCHEME171,2,2,2
1726,1515,SCHEME172,2,2,2
1727,1516,SCHEME173,3,2,3
1728,1517,SCHEME174,2,2,1
1729,1518,SCHEME175,2,2,3
1730,1519,SCHEME176,2,2,2
1731,1520,SCHEME177,2,2,1
1732,1520,SCHEME177,2,2,1
1733,1521,SCHEME178,2,2,1
1734,1522,SCHEME179,2,2,1
1735,1522,SCHEME179,2,2,1
1736,1522,SCHEME179,2,2,1
1737,1523,SCHEME180,2,2,2
1738,1524,SCHEME181,2,2,2
1739,1525,SCHEME182,2,2,1
1740,1526,SCHEME183,2,2,3
1741,1527,SCHEME184,2,2,2
1742,1528,SCHEME185,2,2,3
1743,1529,SCHEME186,2,2,3
1744,1530,SCHEME187,2,2,2
1745,1531,SCHEME188,2,2,1
1746,1532,SCHEME189,2,2,1
1747,1533,SCHEME190,2,2,1
1748,1533,SCHEME190,2,2,1
1749,1534,SCHEME191,2,2,1
1750,1535,SCHEME192,3,2,3
1751,1535,SCHEME192,3,2,3
1752,1536,SCHEME193,2,2,1
1753,1537,SCHEME194,2,2,2
1754,1538,SCHEME195,2,2,1
1755,1539,SCHEME196,2,2,3
1756,1540,SCHEME197,2,2,1
1757,1540,SCHEME197,2,2,1
1758,1541,SCHEME198,2,2,2
1759,1542,SCHEME199,2,2,3
1760,1543,SCHEME200,2,2,2
1761,1544,SCHEME201,2,2,1
1762,1545,SCHEME202,2,2,3
1763,1545,SCHEME202,2,2,1
1764,1546,SCHEME203,2,2,2
1765,1547,SCHEME204,2,2,1
1766,1548,SCHEME205,2,2,1
1767,1549,SCHEME206,2,2,2
1768,1550,SCHEME207,2,2,1
1769,1551,SCHEME208,2,2,1
1770,1552,SCHEME209,2,2,1
1771,1553,SCHEME210,2,2,1
1772,1554,SCHEME211,2,2,2
1773,1555,SCHEME212,2,2,2
1774,1556,SCHEME213,2,2,3
1775,1557,SCHEME214,2,2,2
1776,1558,SCHEME215,2,2,2
1777,1559,SCHEME216,2,2,2
1778,1560,SCHEME217,2,2,1
1779,1561,SCHEME218,2,2,2
1780,1562,SCHEME219,1,2,1
1781,1563,SCHEME220,2,2,1
1782,1564,SCHEME221,2,2,1
1783,1565,SCHEME222,2,2,3
1784,1566,SCHEME223,2,2,1
1785,1567,SCHEME224,2,2,1
1786,1568,SCHEME225,3,2,3
1787,1568,SCHEME225,3,2,3
1788,1569,SCHEME226,2,2,1
1789,1570,SCHEME227,2,2,1
1790,1571,SCHEME228,2,2,1
1791,1572,SCHEME229,2,2,2
1792,1573,SCHEME230,3,2,4
1793,1574,SCHEME231,2,2,2
1794,1575,SCHEME232,2,2,2
1795,1576,SCHEME233,2,2,2
1796,1577,SCHEME234,2,2,1
1797,1578,SCHEME235,2,2,1
1798,1579,SCHEME236,2,2,1
1799,1580,SCHEME237,2,2,1
1800,1581,SCHEME238,2,2,1
1801,1582,SCHEME239,2,2,2
1802,1583,SCHEME240,2,2,2
1803,1584,SCHEME241,2,2,1
1804,1585,SCHEME242,2,2,1
1805,1586,SCHEME243,2,2,1
1806,1587,SCHEME244,1,2,1
1807,1588,SCHEME245,2,2,2
1808,1589,SCHEME246,3,2,1
1809,1590,SCHEME247,2,2,2
1810,1591,SCHEME248,2,2,2
1811,1592,SCHEME249,2,2,2
1812,1593,SCHEME250,2,2,2
1813,1594,SCHEME251,3,2,2
1814,1595,SCHEME252,2,2,1
1815,1596,SCHEME253,2,2,1
1816,1597,SCHEME254,3,2,1
1817,1598,SCHEME255,3,2,1
1818,1599,SCHEME256,3,2,1
1819,1600,SCHEME257,2,2,1
1820,1601,SCHEME258,2,2,3
1821,1602,SCHEME259,2,2,1
1822,1603,SCHEME260,2,2,1
1823,1604,SCHEME261,2,2,2
1824,1605,SCHEME262,2,2,1
1825,1606,SCHEME263,2,2,1
1826,1606,SCHEME263,2,2,1
1827,1607,SCHEME264,2,2,2
1828,1608,SCHEME265,2,2,1
1829,1609,SCHEME266,2,2,2
1830,1610,SCHEME267,2,2,1
1831,1611,SCHEME268,2,2,1
1832,1612,SCHEME269,2,2,3
1833,1613,SCHEME270,2,2,2
1834,1614,SCHEME271,2,2,2
1835,1615,SCHEME272,3,2,3
1836,1616,SCHEME273,2,2,1
1837,1617,SCHEME274,2,2,2
1838,1618,SCHEME275,2,2,1
1839,1619,SCHEME276,2,2,2
1840,1620,SCHEME277,2,2,2
1841,1621,SCHEME278,2,2,1
1842,1622,SCHEME279,2,2,2
1843,1623,SCHEME280,3,2,1
1844,1623,SCHEME280,3,2,1
1845,1624,SCHEME281,2,2,3
1846,1625,SCHEME282,2,2,1
1847,1626,SCHEME283,2,2,3
1848,1627,SCHEME284,2,2,3
1849,1628,SCHEME285,2,2,1
1850,1629,SCHEME286,2,2,1
1851,1630,SCHEME287,2,2,1
1852,1631,SCHEME288,2,2,2
1853,1632,SCHEME289,2,2,1
1854,1633,SCHEME290,2,2,2
1855,1634,SCHEME291,2,2,3
1856,1635,SCHEME292,2,2,1
1857,1636,SCHEME293,2,2,2
1858,1637,SCHEME294,2,3,3
1859,1638,SCHEME295,2,3,3
1860,1639,SCHEME296,2,3,2
1861,1640,SCHEME297,2,3,2
1862,1641,SCHEME298,2,3,2
1863,1642,SCHEME299,2,3,1
1864,1642,SCHEME299,2,3,1
1865,1642,SCHEME299,2,3,1
1866,1642,SCHEME299,2,3,1
1867,1643,SCHEME300,2,3,3
1868,1644,SCHEME301,2,3,1
1869,1644,SCHEME301,2,3,2
1870,1644,SCHEME301,2,3,1
1871,1645,SCHEME302,2,3,1
1872,1646,SCHEME303,2,3,1
1873,1647,SCHEME304,2,3,2
1874,1648,SCHEME305,2,3,1
1875,1649,SCHEME306,2,3,3
1876,1650,SCHEME307,2,3,2
1877,1651,SCHEME308,2,3,1
1878,1652,SCHEME309,2,3,1
1879,1653,SCHEME310,2,3,2
1880,1654,SCHEME311,2,3,3
1881,1655,SCHEME312,2,3,2
1882,1656,SCHEME313,3,3,2
1883,1657,SCHEME314,2,3,1
1884,1658,SCHEME315,2,3,1
1885,1659,SCHEME316,2,3,3
1886,1660,SCHEME317,2,3,3
1887,1661,SCHEME318,2,3,1
1888,1662,SCHEME319,2,3,1
1889,1663,SCHEME320,2,3,2
1890,1664,SCHEME321,1,3,1
1891,1665,SCHEME322,2,3,3
1892,1666,SCHEME323,2,4,2
1893,1667,SCHEME324,2,4,1
1894,1668,SCHEME325,2,4,2
1895,1669,SCHEME326,4,4,1
1896,1670,SCHEME327,2,4,3
1897,1671,SCHEME328,2,5,3
1898,1671,SCHEME328,2,5,2
1899,1672,SCHEME329,2,6,1